INSERT INTO `actors` VALUES
(8,'Marlon Brando','https://m.media-amazon.com/images/M/MV5BMTg3MDYyMDE5OF5BMl5BanBnXkFtZTcwNjgyNTEzNA@@._V1_SX300.jpg'),
(93,'Brad Pitt','https://m.media-amazon.com/images/M/MV5BMjA1MjE2MTQ2MV5BMl5BanBnXkFtZTcwMjE5MDY0Nw@@._V1_SX300.jpg'),
(96,'Gillian Anderson','https://m.media-amazon.com/images/M/MV5BMmRjNWQwMDQtMWNjZS00ZTUzLTkwODEtMTU5YjRlZmJiMTVkXkEyXkFqcGdeQXVyMTEzNjc3MDQ5._V1_SX300.jpg'),
(104,'Antonio Banderas','https://m.media-amazon.com/images/M/MV5BMTUyOTQ3NTYyNF5BMl5BanBnXkFtZTcwMTY2NjIzNQ@@._V1_SX300.jpg'),
(113,'Sandra Bullock','https://m.media-amazon.com/images/M/MV5BMTI5NDY5NjU3NF5BMl5BanBnXkFtZTcwMzQ0MTMyMw@@._V1_SX300.jpg'),
(124,'Jennifer Connelly','https://m.media-amazon.com/images/M/MV5BNWM0OTlhYmQtZWI0NS00NzM0LWE5YjItMWZmYzkzY2FmNTc2XkEyXkFqcGdeQXVyMTEyMjM2NDc2._V1_SX300.jpg'),
(129,'Tom Cruise','https://m.media-amazon.com/images/M/MV5BYTFlOTdjMjgtNmY0ZC00MDgxLThjNmEtZGIxZTQyZDdkMTRjXkEyXkFqcGdeQXVyMTkxNjUyNQ@@._V1_SX300.jpg'),
(130,'Jamie Lee Curtis','https://m.media-amazon.com/images/M/MV5BMjI0MTI0MDk2OV5BMl5BanBnXkFtZTgwODQ4MTE0NDE@._V1_SX300.jpg'),
(138,'Leonardo DiCaprio','https://m.media-amazon.com/images/M/MV5BMjI0MTg3MzI0M15BMl5BanBnXkFtZTcwMzQyODU2Mw@@._V1_SX300.jpg'),
(140,'Michael Douglas','https://m.media-amazon.com/images/M/MV5BMTQ3NzMzOTQ3MF5BMl5BanBnXkFtZTcwOTE0MzY1Mw@@._V1_SX300.jpg'),
(141,'David Duchovny','https://m.media-amazon.com/images/M/MV5BNzBhMjAyZGYtZWQ1Yy00MTQxLWEwNjgtZTczYzJjMjIxZWE2XkEyXkFqcGdeQXVyNjk1MjYyNTA@._V1_SX300.jpg'),
(146,'Ralph Fiennes','https://m.media-amazon.com/images/M/MV5BMzc5MjE1NDgyN15BMl5BanBnXkFtZTcwNzg2ODgwNA@@._V1_SX300.jpg'),
(148,'Harrison Ford','https://m.media-amazon.com/images/M/MV5BMTY4Mjg0NjIxOV5BMl5BanBnXkFtZTcwMTM2NTI3MQ@@._V1_SX300.jpg'),
(158,'Tom Hanks','https://m.media-amazon.com/images/M/MV5BMTQ2MjMwNDA3Nl5BMl5BanBnXkFtZTcwMTA2NDY3NQ@@._V1_SX300.jpg'),
(160,'Ethan Hawke','https://m.media-amazon.com/images/M/MV5BMTk4NDMxMTI0MF5BMl5BanBnXkFtZTYwMjE3ODE0._V1_SX300.jpg'),
(161,'Salma Hayek','https://m.media-amazon.com/images/M/MV5BMzkyMTk2NzM2Ml5BMl5BanBnXkFtZTcwNDQ4MjYzMg@@._V1_SX300.jpg'),
(174,'Val Kilmer','https://m.media-amazon.com/images/M/MV5BMTk3ODIzMDA5Ml5BMl5BanBnXkFtZTcwNDY0NTU4Ng@@._V1_SX300.jpg'),
(182,'Jennifer Lopez','https://m.media-amazon.com/images/M/MV5BMTY0OTY3ODA3OV5BMl5BanBnXkFtZTcwMzMyMzQ1NQ@@._V1_SX300.jpg'),
(190,'Matthew McConaughey','https://m.media-amazon.com/images/M/MV5BMTg0MDc3ODUwOV5BMl5BanBnXkFtZTcwMTk2NjY4Nw@@._V1_SX300.jpg'),
(194,'Julianne Moore','https://m.media-amazon.com/images/M/MV5BMTM5NDI1MjE2Ml5BMl5BanBnXkFtZTgwNDE0Nzk0MDE@._V1_SX300.jpg'),
(195,'Bill Murray','https://m.media-amazon.com/images/M/MV5BMTQ1OTM0MjEwOF5BMl5BanBnXkFtZTYwNTQwNzI1._V1_SX300.jpg'),
(199,'Al Pacino','https://m.media-amazon.com/images/M/MV5BMTQzMzg1ODAyNl5BMl5BanBnXkFtZTYwMjAxODQ1._V1_SX300.jpg'),
(200,'Bill Paxton','https://m.media-amazon.com/images/M/MV5BNjY2NTQwOTAyNV5BMl5BanBnXkFtZTcwNTUyNjYwMw@@._V1_SX300.jpg'),
(201,'Michelle Pfeiffer','https://m.media-amazon.com/images/M/MV5BMTUzNjI0Njc5NF5BMl5BanBnXkFtZTYwOTM2MjYz._V1_SX300.jpg'),
(206,'Keanu Reeves','https://m.media-amazon.com/images/M/MV5BNGJmMWEzOGQtMWZkNS00MGNiLTk5NGEtYzg1YzAyZTgzZTZmXkEyXkFqcGdeQXVyMTE1MTYxNDAw._V1_SX300.jpg'),
(230,'Sylvester Stallone','https://m.media-amazon.com/images/M/MV5BMTQwMTk3NDU2OV5BMl5BanBnXkFtZTcwNTA3MTI0Mw@@._V1_SX300.jpg'),
(234,'Charlize Theron','https://m.media-amazon.com/images/M/MV5BMTk5Mzc4ODU0Ml5BMl5BanBnXkFtZTcwNjU1NTI0Mw@@._V1_SX300.jpg'),
(244,'Sigourney Weaver','https://m.media-amazon.com/images/M/MV5BMTk1MTcyNTE3OV5BMl5BanBnXkFtZTcwMTA0MTMyMw@@._V1_SX300.jpg'),
(255,'Ben Affleck','https://m.media-amazon.com/images/M/MV5BMzczNzNiMDAtMmUzZS00MTkwLWIwOTYtNmYyNjg3MTVkNThhXkEyXkFqcGdeQXVyMjA4MjI5MTA@._V1_SX300.jpg'),
(285,'Alec Baldwin','https://m.media-amazon.com/images/M/MV5BMjE1Njg4MzY3M15BMl5BanBnXkFtZTcwNTY3MjE3NA@@._V1_SX300.jpg'),
(288,'Christian Bale','https://m.media-amazon.com/images/M/MV5BMTkxMzk4MjQ4MF5BMl5BanBnXkFtZTcwMzExODQxOA@@._V1_SX300.jpg'),
(291,'Angela Bassett','https://m.media-amazon.com/images/M/MV5BMjI4OTQ1NTcxOF5BMl5BanBnXkFtZTcwOTc1NTU0OQ@@._V1_SX300.jpg'),
(317,'Clancy Brown','https://m.media-amazon.com/images/M/MV5BMTUxODY3NjAzMF5BMl5BanBnXkFtZTcwMTQ5MjYwNg@@._V1_SX300.jpg'),
(332,'Don Cheadle','https://m.media-amazon.com/images/M/MV5BNDMxNDM3MzY5N15BMl5BanBnXkFtZTcwMjkzOTY4MQ@@._V1_SX300.jpg'),
(354,'Matt Damon','https://m.media-amazon.com/images/M/MV5BMTM0NzYzNDgxMl5BMl5BanBnXkFtZTcwMDg2MTMyMw@@._V1_SX300.jpg'),
(368,'Laura Dern','https://m.media-amazon.com/images/M/MV5BMjI3NzY0MDQxMF5BMl5BanBnXkFtZTcwNzMwMzcyNw@@._V1_SX300.jpg'),
(380,'Robert Duvall','https://m.media-amazon.com/images/M/MV5BMjk1MjA2Mjc2MF5BMl5BanBnXkFtZTcwOTE4MTUwMg@@._V1_SX300.jpg'),
(398,'Sally Field','https://m.media-amazon.com/images/M/MV5BMTQwOTMyMDI4MV5BMl5BanBnXkFtZTcwMDYzMTM5OA@@._V1_SX300.jpg'),
(401,'Laurence Fishburne','https://m.media-amazon.com/images/M/MV5BMTc0NjczNDc1MV5BMl5BanBnXkFtZTYwMDU0Mjg1._V1_SX300.jpg'),
(404,'Jane Fonda','https://m.media-amazon.com/images/M/MV5BMzQ5NTE2MDAzOV5BMl5BanBnXkFtZTgwOTQ3MTQ3MjE@._V1_SX300.jpg'),
(409,'Brendan Fraser','https://m.media-amazon.com/images/M/MV5BMjA5MjExMzY0M15BMl5BanBnXkFtZTgwNTMxOTg4MTI@._V1_SX300.jpg'),
(424,'Hugh Grant','https://m.media-amazon.com/images/M/MV5BMTc4MTgxOTk2Ml5BMl5BanBnXkFtZTcwNzMwMjYwMw@@._V1_SX300.jpg'),
(437,'Woody Harrelson','https://m.media-amazon.com/images/M/MV5BMTU3NDc2ODc4MF5BMl5BanBnXkFtZTcwODk2MzAyMg@@._V1_SX300.jpg'),
(473,'Diane Keaton','https://m.media-amazon.com/images/M/MV5BMTY5NDI5OTEyOF5BMl5BanBnXkFtZTgwMzU4NDI1NzM@._V1_SX300.jpg'),
(474,'Michael Keaton','https://m.media-amazon.com/images/M/MV5BZmNiZmMzN2MtOTNkMy00YjA1LTg4NzktMWI4Njg1NzI3ODAyXkEyXkFqcGdeQXVyNzg5MzIyOA@@._V1_SX300.jpg'),
(476,'Sally Kirkland','https://m.media-amazon.com/images/M/MV5BMjE2MDQ5MDEyNF5BMl5BanBnXkFtZTgwNzg4NTcxNzE@._V1_SX300.jpg'),
(491,'John Leguizamo','https://m.media-amazon.com/images/M/MV5BNTEyMjMxNDg5NF5BMl5BanBnXkFtZTcwNzczOTY4MQ@@._V1_SX300.jpg'),
(501,'Ray Liotta','https://m.media-amazon.com/images/M/MV5BMTU3NzM5MjUwMF5BMl5BanBnXkFtZTYwNDM2NDky._V1_SX300.jpg'),
(505,'Nia Long','https://m.media-amazon.com/images/M/MV5BMjUxNzI2ODQ0N15BMl5BanBnXkFtZTgwOTAyMTY1NTM@._V1_SX300.jpg'),
(506,'Julia Louis-Dreyfus','https://m.media-amazon.com/images/M/MV5BMTYzMDM2MTg2Nl5BMl5BanBnXkFtZTcwODQ0OTA1Mg@@._V1_SX300.jpg'),
(545,'Helen Mirren','https://m.media-amazon.com/images/M/MV5BMjA4MzY2ODU2MV5BMl5BanBnXkFtZTcwOTQ3ODY4OQ@@._V1_SX300.jpg'),
(551,'Dermot Mulroney','https://m.media-amazon.com/images/M/MV5BMzM2ODM3NTc3NF5BMl5BanBnXkFtZTYwOTYwMzM0._V1_SX300.jpg'),
(552,'Eddie Murphy','https://m.media-amazon.com/images/M/MV5BMTc0NDQzODAwNF5BMl5BanBnXkFtZTYwMzUzNTk3._V1_SX300.jpg'),
(676,'Chris Tucker','https://m.media-amazon.com/images/M/MV5BMTc4NjAxMjQwMF5BMl5BanBnXkFtZTYwMzcxOTg0._V1_SX300.jpg'),
(701,'Kate Winslet','https://m.media-amazon.com/images/M/MV5BODgzMzM2NTE0Ml5BMl5BanBnXkFtZTcwMTcyMTkyOQ@@._V1_SX300.jpg'),
(702,'Reese Witherspoon','https://m.media-amazon.com/images/M/MV5BYTdlMzNkODUtZTA2My00NzJhLTkwMjAtMzk4MWQ0MDQzMGNiXkEyXkFqcGdeQXVyNDY1Njg3OA@@._V1_SX300.jpg'),
(706,'Michelle Yeoh','https://m.media-amazon.com/images/M/MV5BMTg0NTI0NDkzOF5BMl5BanBnXkFtZTcwMjYwMTIwNw@@._V1_SX300.jpg'),
(708,'Billy Zane','https://m.media-amazon.com/images/M/MV5BMTI5NzA2NTE0NF5BMl5BanBnXkFtZTcwNzAxMTUxMw@@._V1_SX300.jpg'),
(717,'Kareem Abdul-Jabbar','https://m.media-amazon.com/images/M/MV5BZDQ3YjhmYTYtY2E1ZC00YTZhLWJjMDctM2YxN2FlNDM3OGYzXkEyXkFqcGdeQXVyNjUxMjc1OTM@._V1_SX300.jpg'),
(751,'Suzy Amis','https://m.media-amazon.com/images/M/MV5BMjEwNDU4ODI5N15BMl5BanBnXkFtZTcwNjM4NTgwMw@@._V1_SX300.jpg'),
(837,'Bob Balaban','https://m.media-amazon.com/images/M/MV5BMTI4ODkzNTMxNF5BMl5BanBnXkFtZTcwNzk5ODk4Mw@@._V1_SX300.jpg'),
(849,'Javier Bardem','https://m.media-amazon.com/images/M/MV5BMTY1NTc4NTYzMF5BMl5BanBnXkFtZTcwNDIwOTY1NA@@._V1_SX300.jpg'),
(862,'Robin Bartlett','https://m.media-amazon.com/images/M/MV5BMjI3NDMwOTQxN15BMl5BanBnXkFtZTgwOTY2MjM2MDE@._V1_SX300.jpg'),
(867,'Jason Bateman','https://m.media-amazon.com/images/M/MV5BMTMwOTQ0MDUyNF5BMl5BanBnXkFtZTcwNTQ1MzY1Mw@@._V1_SX300.jpg'),
(870,'Kathy Bates','https://m.media-amazon.com/images/M/MV5BODBkYzAwMTktNzkyMS00ZTEwLThiNjMtY2JmN2VhYTEyYmYyXkEyXkFqcGdeQXVyMDkwMzU3MQ@@._V1_SX300.jpg'),
(949,'Cate Blanchett','https://m.media-amazon.com/images/M/MV5BMTc1MDI0MDg1NV5BMl5BanBnXkFtZTgwMDM3OTAzMTE@._V1_SX300.jpg'),
(968,'Sonia Braga','https://m.media-amazon.com/images/M/MV5BMTk4NjQ4MTgwNF5BMl5BanBnXkFtZTcwNzUzNzAzMw@@._V1_SX300.jpg'),
(1001,'James Caan','https://m.media-amazon.com/images/M/MV5BMTI5NjkyNDQ3NV5BMl5BanBnXkFtZTcwNjY5NTQ0Mw@@._V1_SX300.jpg'),
(1030,'John Cazale','https://m.media-amazon.com/images/M/MV5BMTUzMTM1MjI5NV5BMl5BanBnXkFtZTcwMTM5NTM1Mw@@._V1_SX300.jpg'),
(1073,'Courteney Cox','https://m.media-amazon.com/images/M/MV5BMTA4OTczNDExNDNeQTJeQWpwZ15BbWU3MDUyNTIzMTM@._V1_SX300.jpg'),
(1089,'Henry Czerny','https://m.media-amazon.com/images/M/MV5BNjM0MDIwMzQyNl5BMl5BanBnXkFtZTgwMjU1OTc1NjE@._V1_SX300.jpg'),
(1250,'Charlotte Gainsbourg','https://m.media-amazon.com/images/M/MV5BNDQyMzQ5NTEzNl5BMl5BanBnXkFtZTcwNjI3NTEzNQ@@._V1_SX300.jpg'),
(1255,'Victor Garber','https://m.media-amazon.com/images/M/MV5BNTQxODYxNzE3NV5BMl5BanBnXkFtZTcwOTM4MTMwMg@@._V1_SX300.jpg'),
(1282,'Tony Goldwyn','https://m.media-amazon.com/images/M/MV5BMTk3NTI3ODgwM15BMl5BanBnXkFtZTgwMjM2NTE2NzE@._V1_SX300.jpg'),
(1285,'Elliott Gould','https://m.media-amazon.com/images/M/MV5BMjEzNzU0MTA0OV5BMl5BanBnXkFtZTcwODQ2NDM2Mw@@._V1_SX300.jpg'),
(1330,'Sterling Hayden','https://m.media-amazon.com/images/M/MV5BMjE0MTk1NjkzN15BMl5BanBnXkFtZTcwMzA1MjE1Mg@@._V1_SX300.jpg'),
(1416,'Catherine Keener','https://m.media-amazon.com/images/M/MV5BMjIwMzQ1Mzg1MF5BMl5BanBnXkFtZTcwNTE4MTU5MQ@@._V1_SX300.jpg'),
(1475,'John Lithgow','https://m.media-amazon.com/images/M/MV5BMTQzMzUyNDkzNF5BMl5BanBnXkFtZTcwNTMwNTU5MQ@@._V1_SX300.jpg'),
(1507,'Cheech Marin','https://m.media-amazon.com/images/M/MV5BMTQyODU1ODEzOF5BMl5BanBnXkFtZTYwMzkwODY1._V1_SX300.jpg'),
(1549,'Rita Moreno','https://m.media-amazon.com/images/M/MV5BMTkyMzI4ODExM15BMl5BanBnXkFtZTcwNjkzNDEzNw@@._V1_SX300.jpg'),
(1570,'Edward Norton','https://m.media-amazon.com/images/M/MV5BMTYwNjQ5MTI1NF5BMl5BanBnXkFtZTcwMzU5MTI2Mw@@._V1_SX300.jpg'),
(1572,'Danny Nucci','https://m.media-amazon.com/images/M/MV5BYzVjNmRjNjItMDQyYS00NzQ0LThkOWMtMTE4ZGZmMGE1M2MxXkEyXkFqcGdeQXVyNzMxNDM0NDQ@._V1_SX300.jpg'),
(1618,'Joaquin Phoenix','https://m.media-amazon.com/images/M/MV5BZGMyY2Q4NTEtMWVkZS00NzcwLTkzNmQtYzBlMWZhZGNhMDhkXkEyXkFqcGdeQXVyNjk1MjYyNTA@._V1_SX300.jpg'),
(1634,'CCH Pounder','https://m.media-amazon.com/images/M/MV5BMTM4MTI0NzkzN15BMl5BanBnXkFtZTYwNzExNzgz._V1_SX300.jpg'),
(1735,'Talia Shire','https://m.media-amazon.com/images/M/MV5BMTkwMzc0NjQzNV5BMl5BanBnXkFtZTYwNzM0NTk3._V1_SX300.jpg'),
(1758,'Timothy Spall','https://m.media-amazon.com/images/M/MV5BMTQ3NzE2NzAxOF5BMl5BanBnXkFtZTYwNzIzODY1._V1_SX300.jpg'),
(1784,'Gloria Stuart','https://m.media-amazon.com/images/M/MV5BMTc5MDc1NDEwNF5BMl5BanBnXkFtZTYwNDg4NTg1._V1_SX300.jpg'),
(1820,'Abe Vigoda','https://m.media-amazon.com/images/M/MV5BMjE1MDk5NzMyN15BMl5BanBnXkFtZTYwMjA4Mjg1._V1_SX300.jpg'),
(1831,'David Warner','https://m.media-amazon.com/images/M/MV5BMTAwMzg2Nzg1MjheQTJeQWpwZ15BbWU3MDk4Nzg0Mzg@._V1_SX300.jpg'),
(1872,'Steve Zahn','https://m.media-amazon.com/images/M/MV5BMzc0MzcxMDgtMTIzNy00MmZkLTk5Y2EtYWQ1NWYzNDcyOGEzXkEyXkFqcGdeQXVyNjk1MjYyNTA@._V1_SX300.jpg'),
(1941,'Iris Berben','https://m.media-amazon.com/images/M/MV5BMTgyNzIzNDU0NV5BMl5BanBnXkFtZTcwNzY1ODMwNw@@._V1_SX300.jpg'),
(2017,'Richard Conte','https://m.media-amazon.com/images/M/MV5BNzE0MzU0MzY3OF5BMl5BanBnXkFtZTcwMjE2MjYwOA@@._V1_SX300.jpg'),
(2122,'Harry Hamlin','https://m.media-amazon.com/images/M/MV5BMTQ0MjkwMzcxNF5BMl5BanBnXkFtZTcwMjg2MzQwMg@@._V1_SX300.jpg'),
(2139,'Judd Hirsch','https://m.media-amazon.com/images/M/MV5BMTE5MTQ2MTkwNl5BMl5BanBnXkFtZTYwNTc1ODA3._V1_SX300.jpg'),
(2332,'Stephen Lang','https://m.media-amazon.com/images/M/MV5BMjE4NzYwNTc5Nl5BMl5BanBnXkFtZTcwMzQzOTUyNw@@._V1_SX300.jpg'),
(2907,'Alexander Skarsgård','https://m.media-amazon.com/images/M/MV5BMTY1MjQxNjEzOF5BMl5BanBnXkFtZTgwMTU5ODM2ODE@._V1_SX300.jpg'),
(4874,'Vin Diesel','https://m.media-amazon.com/images/M/MV5BMjExNzA4MDYxN15BMl5BanBnXkFtZTcwOTI1MDAxOQ@@._V1_SX300.jpg'),
(4908,'Edie Falco','https://m.media-amazon.com/images/M/MV5BMTM4NDAzOTk4MF5BMl5BanBnXkFtZTcwNzQ0MzQxMw@@._V1_SX300.jpg'),
(4920,'Frances Fisher','https://m.media-amazon.com/images/M/MV5BNzNhMzRjZTktYmY2YS00YmFmLWJhZTktNjIxMWI1ODEwMDI3XkEyXkFqcGdeQXVyMjM2MTUwMg@@._V1_SX300.jpg'),
(4960,'Sara Gilbert','https://m.media-amazon.com/images/M/MV5BMTcwMTAyNjgwOF5BMl5BanBnXkFtZTcwNzI5NTQ0Mw@@._V1_SX300.jpg'),
(5028,'Kate Hudson','https://m.media-amazon.com/images/M/MV5BMTA1NTk0MjMyOTFeQTJeQWpwZ15BbWU3MDA4NzEzMTM@._V1_SX300.jpg'),
(5107,'Lenny Kravitz','https://m.media-amazon.com/images/M/MV5BMjgxMzUwMTI2NF5BMl5BanBnXkFtZTcwOTA4MDg1Mw@@._V1_SX300.jpg'),
(5110,'Ashton Kutcher','https://m.media-amazon.com/images/M/MV5BMzIzMTE4NzcyMl5BMl5BanBnXkFtZTgwODA2NTQyNTM@._V1_SX300.jpg'),
(5169,'Natasha Lyonne','https://m.media-amazon.com/images/M/MV5BMTEyMzc2MTE2MzheQTJeQWpwZ15BbWU4MDUwNTY0ODYx._V1_SX300.jpg'),
(5216,'Janet McTeer','https://m.media-amazon.com/images/M/MV5BNzk5MzQ3MDQxOF5BMl5BanBnXkFtZTcwOTU4OTI2Mg@@._V1_SX300.jpg'),
(5286,'Haley Joel Osment','https://m.media-amazon.com/images/M/MV5BZjY0MjRhNjEtNGVlYi00YzZhLWFhNDEtMjlhNjBiNzM3Y2RkXkEyXkFqcGdeQXVyMjQxMDQzMjA@._V1_SX300.jpg'),
(5392,'Keri Russell','https://m.media-amazon.com/images/M/MV5BYjcxNjIxOWYtMWY0MS00ZmU4LWE1NGQtYzQ0ZGQ4MmUzZWJiXkEyXkFqcGdeQXVyNTIwMzYwNg@@._V1_SX300.jpg'),
(5443,'Jean Smart','https://m.media-amazon.com/images/M/MV5BMjAwNjg0MjUxMF5BMl5BanBnXkFtZTcwMTcyNjY0MQ@@._V1_SX300.jpg'),
(5458,'Jason Statham','https://m.media-amazon.com/images/M/MV5BMTkxMzk2MDkwOV5BMl5BanBnXkFtZTcwMDAxODQwMg@@._V1_SX300.jpg'),
(5499,'Lily Tomlin','https://m.media-amazon.com/images/M/MV5BMTYwNjc5NzA2NV5BMl5BanBnXkFtZTcwNjk1MTk3Mw@@._V1_SX300.jpg'),
(5541,'Marlon Wayans','https://m.media-amazon.com/images/M/MV5BNjllYWYxZTAtOTU5NC00MGJmLTgxN2ItOTdjYWE4NGZiYWY0XkEyXkFqcGdeQXVyMTExNzQzMDE0._V1_SX300.jpg'),
(8656,'Lewis Abernathy','https://imdb-api.com/images/original/nopicture.jpg'),
(11882,'Paul Adelstein','https://m.media-amazon.com/images/M/MV5BMTQyMjYwOTA2NF5BMl5BanBnXkFtZTcwNjM2NDAzMQ@@._V1_SX300.jpg'),
(12078,'Scott Adkins','https://m.media-amazon.com/images/M/MV5BZjM2MWU1YTEtNDExYS00NWVmLTkzZmQtYTg2ZDI5N2M3ZTE0XkEyXkFqcGdeQXVyMTA2NjI0MQ@@._V1_SX300.jpg'),
(15617,'Jude Akuwudike','https://imdb-api.com/images/original/nopicture.jpg'),
(25458,'Nikki Amuka-Bird','https://m.media-amazon.com/images/M/MV5BMTYwMDI0ODQ0M15BMl5BanBnXkFtZTgwNjEyMDIzMjI@._V1_SX300.jpg'),
(27424,'Scott Anderson','https://m.media-amazon.com/images/M/MV5BMjIzOTUyMDAwM15BMl5BanBnXkFtZTcwMzI4NzQzNA@@._V1_SX300.jpg'),
(32375,'Shiri Appleby','https://m.media-amazon.com/images/M/MV5BMmE5NWQ0MzctYjAxOC00OTU3LThjNTMtMGJiMzc1OTAwMzdmXkEyXkFqcGdeQXVyNjk1MjYyNTA@._V1_SX300.jpg'),
(58029,'Jason Barry','https://m.media-amazon.com/images/M/MV5BZDEzYjhiMWMtYWU1My00MjgyLWJhYWYtMGFkMTllMTljYTJmXkEyXkFqcGdeQXVyMjQwMDg0Ng@@._V1_SX300.jpg'),
(70115,'Paul Ben-Victor','https://m.media-amazon.com/images/M/MV5BMjA5OTI3MTk2OF5BMl5BanBnXkFtZTgwMzc3MTIxMjE@._V1_SX300.jpg'),
(75588,'Jeannie Berlin','https://m.media-amazon.com/images/M/MV5BMjExMTk2NDkxM15BMl5BanBnXkFtZTgwNzkwMDEwMDE@._V1_SX300.jpg'),
(83714,'Reed Birney','https://m.media-amazon.com/images/M/MV5BMzMzZDRjYTgtM2I3Ny00NTFiLThmZWMtMjY1OTYzNjE0ZDdiXkEyXkFqcGdeQXVyMTQ0Njg5Mg@@._V1_SX300.jpg'),
(91841,'Dunja Sepcic','https://imdb-api.com/images/original/nopicture.jpg'),
(93589,'Matt Bomer','https://m.media-amazon.com/images/M/MV5BMjA5NTE4NTE5NV5BMl5BanBnXkFtZTcwMTcyOTY5Mw@@._V1_SX300.jpg'),
(94036,'Rudy Bond','https://m.media-amazon.com/images/M/MV5BNWY2ZGQxMDctNWUyYS00NzYyLTk0MjMtZWY4MWY2YzQ1ZGRiXkEyXkFqcGdeQXVyNjUwNzk3NDc@._V1_SX300.jpg'),
(108287,'Jordana Brewster','https://m.media-amazon.com/images/M/MV5BMTc1OTMwMzM3NF5BMl5BanBnXkFtZTgwMTM5MzIyODE@._V1_SX300.jpg'),
(115402,'Christina Brucato','https://m.media-amazon.com/images/M/MV5BMzE0MDc3M2EtNDQ0Zi00ZDZjLTg0ZDctYmRmYTFhODhhMjdkXkEyXkFqcGdeQXVyMjQwMDg0Ng@@._V1_SX300.jpg'),
(115760,'Amanda Brugel','https://m.media-amazon.com/images/M/MV5BMzAwMTkxNTktNDFlZC00YjQ3LWEzMTMtZDg3ZjQ0Y2JlZGMxXkEyXkFqcGdeQXVyMTA5NzUxNzYz._V1_SX300.jpg'),
(117709,'Daniel Brühl','https://m.media-amazon.com/images/M/MV5BMzliYzY1NWQtNTFhYy00NjVhLTlkOGItY2RhNDgwOTg5ZDhiXkEyXkFqcGdeQXVyNTkzODg0ODk@._V1_SX300.jpg'),
(117857,'Dan Bucatinsky','https://m.media-amazon.com/images/M/MV5BYmYzYzhjNTQtMjc4Ni00YWY3LTkxODAtOTZlZjEzZTc1YzRiXkEyXkFqcGdeQXVyNTM0MDg4NA@@._V1_SX300.jpg'),
(121519,'Zlatko Buric','https://m.media-amazon.com/images/M/MV5BNTM0MTU4ODg4MF5BMl5BanBnXkFtZTcwNTA5NzY5Mg@@._V1_SX300.jpg'),
(124930,'Gerard Butler','https://m.media-amazon.com/images/M/MV5BMjE4NDMwMzc4Ml5BMl5BanBnXkFtZTcwMDg4Nzg4Mg@@._V1_SX300.jpg'),
(143167,'Nicholas Cascone','https://imdb-api.com/images/original/nopicture.jpg'),
(144232,'Orlagh Cassidy','https://m.media-amazon.com/images/M/MV5BZGFiMDk2MzgtYjZjOC00YzdiLTg4ZTAtNmE2OWY3YjI4MGNlXkEyXkFqcGdeQXVyMTUxNDUyMTk@._V1_SX300.jpg'),
(144710,'Richard S. Castellano','https://m.media-amazon.com/images/M/MV5BMjI2MzA3MjQ5N15BMl5BanBnXkFtZTcwMzY5NDYwOA@@._V1_SX300.jpg'),
(174403,'Kerry Condon','https://m.media-amazon.com/images/M/MV5BMTY5NjgyNDU3OV5BMl5BanBnXkFtZTgwNzA4NDczNjE@._V1_SX300.jpg'),
(177639,'Jennifer Coolidge','https://m.media-amazon.com/images/M/MV5BMTI3NjYyMzgxNl5BMl5BanBnXkFtZTcwMjgyMzM0Mg@@._V1_SX300.jpg'),
(177896,'Bradley Cooper','https://m.media-amazon.com/images/M/MV5BMjM0OTIyMzY1M15BMl5BanBnXkFtZTgwMTg0OTE0NzE@._V1_SX300.jpg'),
(180961,'Blaise Corrigan','https://m.media-amazon.com/images/M/MV5BZjVjZTBmNjktMmJkMS00NzM4LWExZjEtZGJmYmNkNjE0NjI5XkEyXkFqcGdeQXVyMDU0MTYyNg@@._V1_SX300.jpg'),
(183548,'Steve Coulter','https://m.media-amazon.com/images/M/MV5BODQ4YTg1OWYtZTNlZC00ZDUzLThiN2ItM2Y2MmQ1ZWVlYTNlXkEyXkFqcGdeQXVyMjQwMDg0Ng@@._V1_SX300.jpg'),
(184698,'Brendan Cowell','https://m.media-amazon.com/images/M/MV5BMjRlMzA3ZjUtMTQyYS00OTI5LWI2MzMtYjg2OTE4Y2MxMmRlXkEyXkFqcGdeQXVyMjIyNTY4MzA@._V1_SX300.jpg'),
(184893,'Alan Cox','https://m.media-amazon.com/images/M/MV5BMTI3NDI3NzUxOV5BMl5BanBnXkFtZTYwNDI1ODc4._V1_SX300.jpg'),
(185819,'Daniel Craig','https://m.media-amazon.com/images/M/MV5BMjEzMjk4NDU4MF5BMl5BanBnXkFtZTcwMDMyNjQzMg@@._V1_SX300.jpg'),
(193295,'Cliff Curtis','https://m.media-amazon.com/images/M/MV5BMTIxMzA1MDQyM15BMl5BanBnXkFtZTYwNzMwMjI3._V1_SX300.jpg'),
(200452,'Paul Dano','https://m.media-amazon.com/images/M/MV5BMjMwMzE1OTc0OF5BMl5BanBnXkFtZTcwMDU2NTg0Nw@@._V1_SX300.jpg'),
(203882,'Oliver Ford Davies','https://m.media-amazon.com/images/M/MV5BNDMwODUyMTQ2Nl5BMl5BanBnXkFtZTcwNzczMzYzOA@@._V1_SX300.jpg'),
(205626,'Viola Davis','https://m.media-amazon.com/images/M/MV5BNzUxNjM4ODI1OV5BMl5BanBnXkFtZTgwNTEwNDE2OTE@._V1_SX300.jpg'),
(207218,'Isaach De Bankolé','https://m.media-amazon.com/images/M/MV5BMTc4MzE3OTgxMV5BMl5BanBnXkFtZTcwMzA4NTAzMQ@@._V1_SX300.jpg'),
(230781,'Geoff Dolan','https://m.media-amazon.com/images/M/MV5BNjk0NjIyNDU4M15BMl5BanBnXkFtZTgwMjgxNjc5MjE@._V1_SX300.jpg'),
(241049,'Josh Duhamel','https://m.media-amazon.com/images/M/MV5BMjE3MDUyNjM1N15BMl5BanBnXkFtZTcwMDc3NDY2Mg@@._V1_SX300.jpg'),
(242256,'Lori Dungey','https://m.media-amazon.com/images/M/MV5BNmE5NWMxYjgtMjcwNS00YzA0LWJkNTQtOTUyNmNlMjg5NWU1XkEyXkFqcGdeQXVyMTU3OTg4NTU1._V1_SX300.jpg'),
(243695,'Jacob \'Stitch\' Duran','https://m.media-amazon.com/images/M/MV5BMTgyMDY2NDY1MV5BMl5BanBnXkFtZTgwNjE1NzUwODE@._V1_SX300.jpg'),
(258402,'Mike Epps','https://m.media-amazon.com/images/M/MV5BMTY5MjEzOTQyNF5BMl5BanBnXkFtZTYwNjM1MjU0._V1_SX300.jpg'),
(268199,'Colin Farrell','https://m.media-amazon.com/images/M/MV5BMTg4NzM5NDk0MV5BMl5BanBnXkFtZTcwNzAzMTUxNw@@._V1_SX300.jpg'),
(270784,'Luc Feit','https://m.media-amazon.com/images/M/MV5BOTkzOWUyNTUtZWQ3Mi00ZjYzLThmNmMtNGU1Yzg0Yjk4NDdhXkEyXkFqcGdeQXVyNTM3MDMyMDQ@._V1_SX300.jpg'),
(272479,'Jesse Tyler Ferguson','https://m.media-amazon.com/images/M/MV5BMTczODUyNDMwNF5BMl5BanBnXkFtZTgwNjQ1OTE2MDE@._V1_SX300.jpg'),
(273836,'Marcos A. Ferraez','https://m.media-amazon.com/images/M/MV5BMjczZjBhZTctMGE5ZS00Y2VjLWEzM2YtOTNiM2M1ZDcyNzBkXkEyXkFqcGdeQXVyMDc3NzkwMw@@._V1_SX300.jpg'),
(281359,'Flea','https://m.media-amazon.com/images/M/MV5BMjEzMDU5NjAzM15BMl5BanBnXkFtZTcwOTk2ODMwMg@@._V1_SX300.jpg'),
(282458,'Sheila Flitton','https://imdb-api.com/images/original/nopicture.jpg'),
(293509,'Martin Freeman','https://m.media-amazon.com/images/M/MV5BMjE0MjAwOTMzMF5BMl5BanBnXkFtZTcwMDg1MjEyNw@@._V1_SX300.jpg'),
(322407,'Brendan Gleeson','https://m.media-amazon.com/images/M/MV5BMTA3NTMxODI0OTBeQTJeQWpwZ15BbWU3MDQ1NTY5Mjc@._V1_SX300.jpg'),
(330195,'Michael Hitchcock','https://m.media-amazon.com/images/M/MV5BNDY2NTMzNGItNTBmNi00ZDY1LTkzOWYtNTNjNmRkYTkwNjdiXkEyXkFqcGdeQXVyMjQwMDg0Ng@@._V1_SX300.jpg'),
(333480,'Zijad Gracic','https://imdb-api.com/images/original/nopicture.jpg'),
(340408,'Joel Gretsch','https://m.media-amazon.com/images/M/MV5BMjIyNDI4MzIxMl5BMl5BanBnXkFtZTcwNjY5NDgwNA@@._V1_SX300.jpg'),
(341372,'Ted Griffin','https://m.media-amazon.com/images/M/MV5BN2E4ZDAyNzktNGU4Ny00ZjVlLWFkMGUtY2MyZjFkNmE3NTEzXkEyXkFqcGdeQXVyOTgyMzM1Nzk@._V1_SX300.jpg'),
(342190,'Camryn Grimes','https://m.media-amazon.com/images/M/MV5BMTA2ODE0Mzg5NzdeQTJeQWpwZ15BbWU3MDY4NzkzMDg@._V1_SX300.jpg'),
(342488,'Rupert Grint','https://m.media-amazon.com/images/M/MV5BNTNhODBmODktNjViNC00MTM2LWExMzUtNzY3MTY5NWI1ZDE4XkEyXkFqcGdeQXVyMDM2NDM2MQ@@._V1_SX300.jpg'),
(348231,'Sean Gunn','https://m.media-amazon.com/images/M/MV5BMmM1NzY3ODMtZWE4YS00OTkwLWJiOGEtYmI4ZDlhMzRiMzBkXkEyXkFqcGdeQXVyMjQwMDg0Ng@@._V1_SX300.jpg'),
(353546,'Julie Hagerty','https://m.media-amazon.com/images/M/MV5BNjU4NzU4ODU1N15BMl5BanBnXkFtZTYwMDk1NzU1._V1_SX300.jpg'),
(358316,'Jon Hamm','https://m.media-amazon.com/images/M/MV5BNzg0MzA4MTY5M15BMl5BanBnXkFtZTcwODg2MTIwOQ@@._V1_SX300.jpg'),
(365445,'Wood Harris','https://m.media-amazon.com/images/M/MV5BMTQyMDY2NDY4OF5BMl5BanBnXkFtZTcwNjM5OTY0OA@@._V1_SX300.jpg'),
(376540,'Martin Henderson','https://m.media-amazon.com/images/M/MV5BMjc4MTA3NDIzNF5BMl5BanBnXkFtZTcwNTIwNTU5MQ@@._V1_SX300.jpg'),
(384060,'Bernard Hill','https://m.media-amazon.com/images/M/MV5BMjA0MTI3MzE1M15BMl5BanBnXkFtZTYwODgzMDk1._V1_SX300.jpg'),
(388931,'Jackie Hoffman','https://m.media-amazon.com/images/M/MV5BMjAwODA0OTkwMl5BMl5BanBnXkFtZTcwMjU5MDExOA@@._V1_SX300.jpg'),
(393222,'James Hong','https://m.media-amazon.com/images/M/MV5BMjM0MTQxOTA4MF5BMl5BanBnXkFtZTgwODE1OTcyMjE@._V1_SX300.jpg'),
(394054,'William Hope','https://m.media-amazon.com/images/M/MV5BMTg1Njc1ODkwOF5BMl5BanBnXkFtZTcwOTkxMzkwNw@@._V1_SX300.jpg'),
(396125,'Nina Hoss','https://m.media-amazon.com/images/M/MV5BMjA4OTM1NTUzNV5BMl5BanBnXkFtZTgwNjA2ODA5OTE@._V1_SX300.jpg'),
(396558,'Nicholas Hoult','https://m.media-amazon.com/images/M/MV5BMTUxMTYxNzMzNF5BMl5BanBnXkFtZTcwMTU0NTcxOQ@@._V1_SX300.jpg'),
(402962,'Melissa Hunter','https://m.media-amazon.com/images/M/MV5BYzc0ZTg1NGEtOGVkOC00M2QwLTljMjgtOWI2YzEzMTM2MzA5XkEyXkFqcGdeQXVyMjQwMDg0Ng@@._V1_SX300.jpg'),
(404993,'Jonathan Hyde','https://m.media-amazon.com/images/M/MV5BMTI3OTEzMTg2M15BMl5BanBnXkFtZTcwMDExODgwMw@@._V1_SX300.jpg'),
(410284,'Jack Irv','https://m.media-amazon.com/images/M/MV5BOGNmM2I3NjMtZDAzOC00NmVhLWFlZGUtNDg4M2Q5ZjMyMDBmXkEyXkFqcGdeQXVyMjQwMDg0Ng@@._V1_SX300.jpg'),
(410524,'Alberto Isaac','https://m.media-amazon.com/images/M/MV5BY2JhNTU5NmQtYmYwMy00YzdjLWI5NmMtN2UwNWRmNGMyZWJkXkEyXkFqcGdeQXVyMTQ3MDc0OTY@._V1_SX300.jpg'),
(413168,'Hugh Jackman','https://m.media-amazon.com/images/M/MV5BNDExMzIzNjk3Nl5BMl5BanBnXkFtZTcwOTE4NDU5OA@@._V1_SX300.jpg'),
(421188,'Juanita Jennings','https://m.media-amazon.com/images/M/MV5BMTk4OTkxNDE2MV5BMl5BanBnXkFtZTYwOTI3NTM1._V1_SX300.jpg'),
(429363,'Toby Jones','https://m.media-amazon.com/images/M/MV5BMTgwMzc5NzM1MV5BMl5BanBnXkFtZTYwMzA0ODk0._V1_SX300.jpg'),
(430107,'Michael B. Jordan','https://m.media-amazon.com/images/M/MV5BMjExOTY3NzExM15BMl5BanBnXkFtZTgwOTg1OTAzMTE@._V1_SX300.jpg'),
(436835,'Felix Kammerer','https://m.media-amazon.com/images/M/MV5BMDlkNjA1MTUtOTEwMC00N2MyLTk3MGItNTY2NmQzNWIxODM2XkEyXkFqcGdeQXVyMTU0ODQ4ODEz._V1_SX300.jpg'),
(437646,'Sung Kang','https://m.media-amazon.com/images/M/MV5BODJkYzkwZGMtNWU4NC00ZTdjLThmOTUtMjgxMTc4NGQ4YThjXkEyXkFqcGdeQXVyNjUxMjc1OTM@._V1_SX300.jpg'),
(441042,'Florence Kasumba','https://m.media-amazon.com/images/M/MV5BOTZmM2M2YzQtMDcwZC00ZTZmLTkwNTMtNzdlZjRiZDExZGVjXkEyXkFqcGdeQXVyOTAyMDgxODQ@._V1_SX300.jpg'),
(446457,'James Martin Kelly','https://m.media-amazon.com/images/M/MV5BZDY4NmExYTUtYjgxYS00ZDk4LTlkNDUtNzNhYjZlMzQxNDJmXkEyXkFqcGdeQXVyNjk3NTM5OA@@._V1_SX300.jpg'),
(448587,'Jon Kenny','https://imdb-api.com/images/original/nopicture.jpg'),
(449299,'Tig Notaro','https://m.media-amazon.com/images/M/MV5BMTc1ODIxNjMxM15BMl5BanBnXkFtZTgwODExMTk3NzE@._V1_SX300.jpg'),
(451351,'Ayub Khan-Din','https://m.media-amazon.com/images/M/MV5BOTcxZmMxMzUtNzQxOS00OTY4LWE3YjUtMzA0ZmFhMzA2NGMzL2ltYWdlL2ltYWdlXkEyXkFqcGdeQXVyMTExNDQ2MTI@._V1_SX300.jpg'),
(455088,'Morgana King','https://m.media-amazon.com/images/M/MV5BODg5OTAxNDQzMl5BMl5BanBnXkFtZTgwOTM3ODIxNjM@._V1_SX300.jpg'),
(465572,'Rebecca Koon','https://m.media-amazon.com/images/M/MV5BYWJjZDk5ZGItOWEyYy00Y2UwLWFhMzEtYjI5ODRjN2QyMDExXkEyXkFqcGdeQXVyMTQxMjk0Mg@@._V1_SX300.jpg'),
(470981,'Thomas Kretschmann','https://m.media-amazon.com/images/M/MV5BMTY1Njc5MzE1OF5BMl5BanBnXkFtZTcwMTc1NDM4Nw@@._V1_SX300.jpg'),
(479876,'Modesto Lacen','https://m.media-amazon.com/images/M/MV5BOGRjMjYxZTUtY2JmZi00NWU0LWI4ODktNDMzMDEzMmFmYzE3XkEyXkFqcGdeQXVyMjQwMDg0Ng@@._V1_SX300.jpg'),
(486437,'Tobias Langhoff','https://imdb-api.com/images/original/nopicture.jpg'),
(488953,'Brie Larson','https://m.media-amazon.com/images/M/MV5BNDE4ZWY1ZTUtYjNhMy00MTQyLWFmMjktNTkyYTFjOGRlNDk0XkEyXkFqcGdeQXVyMTE1MTYxNDAw._V1_SX300.jpg'),
(503567,'Logan Lerman','https://m.media-amazon.com/images/M/MV5BODcyMTE4MTU0Ml5BMl5BanBnXkFtZTgwMjg2ODE5MDI@._V1_SX300.jpg'),
(504267,'Jalil Lespert','https://m.media-amazon.com/images/M/MV5BZWQxZDVhYTgtYzE5Yi00ZGVhLTgyYzItMTlmZjRiODkxMTBhXkEyXkFqcGdeQXVyMTUzMTg2ODkz._V1_SX300.jpg'),
(504803,'Al Lettieri','https://m.media-amazon.com/images/M/MV5BOWUxYTJkY2MtYmZmZi00ZjBmLWJmM2ItMmU3YWI2YzBhZDUwXkEyXkFqcGdeQXVyNjUxMjc1OTM@._V1_SX300.jpg'),
(508139,'Selenis Leyva','https://m.media-amazon.com/images/M/MV5BODliYzU2MjctY2Q3MC00YWZkLTg1NDItMzIyZDg1YjlmYjAwXkEyXkFqcGdeQXVyMTgxNzkxNjU@._V1_SX300.jpg'),
(509937,'Judith Light','https://m.media-amazon.com/images/M/MV5BMTU1MDM4MDE5OF5BMl5BanBnXkFtZTgwNTA2OTY4NTE@._V1_SX300.jpg'),
(515296,'Ron Livingston','https://m.media-amazon.com/images/M/MV5BMjIxODk2NDUzOF5BMl5BanBnXkFtZTgwNTI2ODg1NDE@._V1_SX300.jpg'),
(524839,'Ludacris','https://m.media-amazon.com/images/M/MV5BMjEwMTU3MDkzOF5BMl5BanBnXkFtZTcwNzc2NjM5MQ@@._V1_SX300.jpg'),
(527994,'Gary Lydon','https://imdb-api.com/images/original/nopicture.jpg'),
(536866,'Matthew Maher','https://m.media-amazon.com/images/M/MV5BMDYzNzA5MWMtZTEwZi00NjRjLWJiMDgtMGM1M2M5NThlMjQyXkEyXkFqcGdeQXVyMTIwMzM3NTg@._V1_SX300.jpg'),
(539562,'Art Malik','https://m.media-amazon.com/images/M/MV5BMTU1NzAwNDYxMV5BMl5BanBnXkFtZTcwOTc5NDUwOA@@._V1_SX300.jpg'),
(542133,'Joe Manganiello','https://m.media-amazon.com/images/M/MV5BOWI2MDE4YzAtZjQ5MS00NzdjLWFiYTEtZDUyMmM2OTdkNDA4XkEyXkFqcGdeQXVyMjY2OTExNA@@._V1_SX300.jpg'),
(549134,'John Marley','https://m.media-amazon.com/images/M/MV5BMjk0NjY1MjAyMl5BMl5BanBnXkFtZTcwNzY5NDYwOA@@._V1_SX300.jpg'),
(553269,'Margo Martindale','https://m.media-amazon.com/images/M/MV5BMjA3MDg3OTE2NF5BMl5BanBnXkFtZTgwMTI5MDg0MDE@._V1_SX300.jpg'),
(553887,'Al Martino','https://m.media-amazon.com/images/M/MV5BMjMyMDk4MzYyMl5BMl5BanBnXkFtZTcwNzg5NDYwOA@@._V1_SX300.jpg'),
(564402,'Simon McBurney','https://m.media-amazon.com/images/M/MV5BMjAyOTEzOTg2M15BMl5BanBnXkFtZTYwNTU3MTQ1._V1_SX300.jpg'),
(565117,'Doris McCarthy','https://m.media-amazon.com/images/M/MV5BMDc4OTZkNDktMzgxMy00ZDgzLWE0MmUtYmM1ZGMzNTE5NzEwXkEyXkFqcGdeQXVyNDc3Njc5NjQ@._V1_SX300.jpg'),
(565250,'Melissa McCarthy','https://m.media-amazon.com/images/M/MV5BMTg5NjA3ODkyMl5BMl5BanBnXkFtZTgwNTU4Mzg5NjE@._V1_SX300.jpg'),
(568211,'Martin McDougall','https://m.media-amazon.com/images/M/MV5BODdjYzdlYTgtOTk3ZS00OWVlLTgyODUtOWNiMzY0N2VmYTA5XkEyXkFqcGdeQXVyMjgxNTkzNzc@._V1_SX300.jpg'),
(574534,'Ian McShane','https://m.media-amazon.com/images/M/MV5BMjg5NDg3OTQtYzMyYS00YjhhLTk2NmEtZTExNGViYTczZTU2XkEyXkFqcGdeQXVyMTU1MTU2MDI@._V1_SX300.jpg'),
(577935,'Sunnyi Melles','https://m.media-amazon.com/images/M/MV5BOTM3MDBkZWEtM2I5NS00NGUzLWFiMWItZTg1ZWJiNDNlMDlhXkEyXkFqcGdeQXVyNDkzNTM2ODg@._V1_SX300.jpg'),
(577982,'Harry Melling','https://m.media-amazon.com/images/M/MV5BZjQ3OGE3MGUtZmViOC00N2M2LTlmNmMtMmZiZDUwYTcyMzUxXkEyXkFqcGdeQXVyMjQwMDg0Ng@@._V1_SX300.jpg'),
(578596,'Nasser Memarzia','https://m.media-amazon.com/images/M/MV5BZmExYTdkYjMtMjM0ZS00YmI1LWJjYjAtZDIzNDVjN2IwMzYxXkEyXkFqcGdeQXVyMjQwMDg0Ng@@._V1_SX300.jpg'),
(580646,'Olga Merediz','https://m.media-amazon.com/images/M/MV5BMWZlZTM3YmItZDQzOS00NzZjLWE5YTktOGJlNDkwNjZiMzlmXkEyXkFqcGdeQXVyMDU1MzE2MA@@._V1_SX300.jpg'),
(582149,'Chris Messina','https://m.media-amazon.com/images/M/MV5BMTg3Njg5OTc4OV5BMl5BanBnXkFtZTcwMTE5OTMzMw@@._V1_SX300.jpg'),
(586568,'Mads Mikkelsen','https://m.media-amazon.com/images/M/MV5BMTcyMTU5MzgxMF5BMl5BanBnXkFtZTYwMDI0NjI1._V1_SX300.jpg'),
(592135,'Lin-Manuel Miranda','https://m.media-amazon.com/images/M/MV5BMTU0MDM2Mzg0OV5BMl5BanBnXkFtZTgwMjA1MDE2MDI@._V1_SX300.jpg'),
(597388,'Jason Momoa','https://m.media-amazon.com/images/M/MV5BODJlNWQ4ZjUtYjRhNi00NGQ1LWE3YTItYjRmZGI3YzI4YTEyXkEyXkFqcGdeQXVyMTA2MDIzMDE5._V1_SX300.jpg'),
(598857,'Thibault de Montalembert','https://imdb-api.com/images/original/nopicture.jpg'),
(598926,'Lenny Montana','https://m.media-amazon.com/images/M/MV5BMjFmMjQ4ODMtNDZmZC00NzQ3LTlmODEtOTBlMGIzMzUxY2Q4XkEyXkFqcGdeQXVyNjUxMjc1OTM@._V1_SX300.jpg'),
(601376,'Joel David Moore','https://m.media-amazon.com/images/M/MV5BNzkyYTgzMWEtNGUyZi00ZjA3LThmODctOGRhN2MxYjc3MDZmXkEyXkFqcGdeQXVyMzk0NDMzOQ@@._V1_SX300.jpg'),
(607325,'Temuera Morrison','https://m.media-amazon.com/images/M/MV5BMmIyNDQwODMtMTI4Yy00ZTY5LWEyZmYtNTQ0NGUzMjdhMGJiXkEyXkFqcGdeQXVyMTE0MzYxMjM5._V1_SX300.jpg'),
(608090,'Samantha Morton','https://m.media-amazon.com/images/M/MV5BMTUwNjc2MTg3N15BMl5BanBnXkFtZTcwOTQzODI3MQ@@._V1_SX300.jpg'),
(609944,'Wagner Moura','https://m.media-amazon.com/images/M/MV5BN2Q3YTg3MjYtNmM0ZS00OTgzLTg1YTAtMWIyMDMxZDg1MDk0XkEyXkFqcGdeQXVyMTEzNjM0NTQw._V1_SX300.jpg'),
(616604,'Joseph Mydell','https://m.media-amazon.com/images/M/MV5BMTcyMjYyNjIwMF5BMl5BanBnXkFtZTcwMjczNDIzMQ@@._V1_SX300.jpg'),
(621760,'Kevin Nash','https://m.media-amazon.com/images/M/MV5BYjhmZWQ1M2YtMzYyYy00ZjAyLWExNmQtYzIwZDMyMDkxOGFjXkEyXkFqcGdeQXVyMjI0MjgzNzE@._V1_SX300.jpg'),
(639119,'Bríd Ní Neachtain','https://imdb-api.com/images/original/nopicture.jpg'),
(642230,'Kittson O\'Neill','https://m.media-amazon.com/images/M/MV5BNzI2ZGY4ZWItMjE5YS00ZGYxLWJjNjQtNjcyZjZmYTY4M2FiXkEyXkFqcGdeQXVyODI2MzY0NzA@._V1_SX300.jpg'),
(650887,'Jimmy Ortega','https://m.media-amazon.com/images/M/MV5BMjE1Njg0ODIxNV5BMl5BanBnXkFtZTcwOTQzNTMzMQ@@._V1_SX300.jpg'),
(659363,'Hayden Panettiere','https://m.media-amazon.com/images/M/MV5BOTY2OTI1NzA0NV5BMl5BanBnXkFtZTcwOTczMTA2Mw@@._V1_SX300.jpg'),
(663174,'Charles Parnell','https://m.media-amazon.com/images/M/MV5BYjM3MDU2ZjQtZTI2MC00YzRjLWI5NDAtMDBkNzdjZWNjNWIzXkEyXkFqcGdeQXVyMjQ4ODk2MTE@._V1_SX300.jpg'),
(669164,'David Pearse','https://m.media-amazon.com/images/M/MV5BMTQ0OTgzNzE3M15BMl5BanBnXkFtZTcwNjI3MTUyOQ@@._V1_SX300.jpg'),
(674231,'Rhea Perlman','https://m.media-amazon.com/images/M/MV5BOWM3MzcyMzctZTM2OS00NzBjLWE4YmItODVhMDhmYmJiYjM0XkEyXkFqcGdeQXVyMTA2NjQzMzg1._V1_SX300.jpg'),
(692039,'Billy Porter','https://m.media-amazon.com/images/M/MV5BNjJjODc5MWEtZDk1Yi00OTZlLWFjNDUtYTUzNDRmOWFlZjVmXkEyXkFqcGdeQXVyMDM2NDM2MQ@@._V1_SX300.jpg'),
(693431,'George Potts','https://m.media-amazon.com/images/M/MV5BYzg1Nzc0MDktZjExNS00MjI4LThjZDUtNzJiNjg1N2MwYmQ4XkEyXkFqcGdeQXVyNTg0MjAzNg@@._V1_SX300.jpg'),
(694615,'Shane Powers','https://m.media-amazon.com/images/M/MV5BMTc2MDIzMTc5N15BMl5BanBnXkFtZTgwNTM3MDk0MjE@._V1_SX300.jpg'),
(695306,'Simon Prast','https://m.media-amazon.com/images/M/MV5BNmZmNWRiZTEtMzA1Yy00YjZlLWE3OWItYmU2N2QwMTUxM2ViXkEyXkFqcGdeQXVyMTExNDQ2MTI@._V1_SX300.jpg'),
(695435,'Chris Pratt','https://m.media-amazon.com/images/M/MV5BZjdkYjg1NzMtOTY2YS00ZWI1LWEwZWYtOTU1YTM2ODA2ZWY5XkEyXkFqcGdeQXVyMTM1MjAxMDc3._V1_SX300.jpg'),
(697659,'Hansford Prince','https://m.media-amazon.com/images/M/MV5BMWMzY2U3YjktMTIwMy00NTU0LWFmYjItNWE4N2Y5OWZmOWJhXkEyXkFqcGdeQXVyMzI2MjM0Mjk@._V1_SX300.jpg'),
(702841,'Ke Huy Quan','https://m.media-amazon.com/images/M/MV5BMmMyN2MxMjQtNDFjYi00MTE3LTgwYTMtZmQzODUyZGUwYmExXkEyXkFqcGdeQXVyMTM5NDUxMTA@._V1_SX300.jpg'),
(707816,'John Ralston','https://m.media-amazon.com/images/M/MV5BOTc3YzQ0NzEtMjcwZi00MTgwLTk2M2EtNmQyNWNhMjQ0MTk0XkEyXkFqcGdeQXVyMzc4Mjc1MTk@._V1_SX300.jpg'),
(711118,'Phylicia Rashad','https://m.media-amazon.com/images/M/MV5BMTczMzcxNzYyN15BMl5BanBnXkFtZTcwMTAyMDQ2NA@@._V1_SX300.jpg'),
(714698,'Lance Reddick','https://m.media-amazon.com/images/M/MV5BMTk1OTc3OTEyMl5BMl5BanBnXkFtZTgwODI0NTI0MjE@._V1_SX300.jpg'),
(722629,'Matthew Rhys','https://m.media-amazon.com/images/M/MV5BMTMwOTc5MTI2OV5BMl5BanBnXkFtZTcwMjU0MDk4NA@@._V1_SX300.jpg'),
(722636,'John Rhys-Davies','https://m.media-amazon.com/images/M/MV5BMjMwNDY3NjQxMF5BMl5BanBnXkFtZTcwMDc3NTYyOQ@@._V1_SX300.jpg'),
(725200,'Andy Richter','https://m.media-amazon.com/images/M/MV5BMTg0MjMxOTM0M15BMl5BanBnXkFtZTcwNjQ2MzI0Mg@@._V1_SX300.jpg'),
(725519,'Jeff Ricketts','https://m.media-amazon.com/images/M/MV5BZTJiMjQ2ZWUtYTU2Ny00YTc2LWFlMjUtZWVmYzIyZWNmNjU2XkEyXkFqcGdeQXVyMTUzMTg2ODkz._V1_SX300.jpg'),
(735226,'Adam Rodriguez','https://m.media-amazon.com/images/M/MV5BMTQzNTQ1NjcxMV5BMl5BanBnXkFtZTgwODA2NTkwNjE@._V1_SX300.jpg'),
(735442,'Michelle Rodriguez','https://m.media-amazon.com/images/M/MV5BMTkwODIzMzYyMl5BMl5BanBnXkFtZTYwNzAyNjAz._V1_SX300.jpg'),
(736622,'Seth Rogen','https://m.media-amazon.com/images/M/MV5BMTQ0NjgzNzcwNV5BMl5BanBnXkFtZTcwODExMDYxOQ@@._V1_SX300.jpg'),
(740264,'Michael Rooker','https://m.media-amazon.com/images/M/MV5BOTEyZjUxYzAtODcwMi00MjFiLTg5NTAtZWVhOTg0OGQyZDY0XkEyXkFqcGdeQXVyMjYxMzA2ODU@._V1_SX300.jpg'),
(740360,'Ted Rooney','https://m.media-amazon.com/images/M/MV5BNzM0Y2UxZGItZjEzMi00NjYzLTk3ODYtZDZlMGUzZmIzMDgxXkEyXkFqcGdeQXVyNjUxMjc1OTM@._V1_SX300.jpg'),
(742146,'Michael Rosenbaum','https://m.media-amazon.com/images/M/MV5BNDliM2Y5NmUtMTgyZC00M2QwLWI5ZWEtMjg1MjIxZGZmNzM1XkEyXkFqcGdeQXVyNjY5Nzg1OQ@@._V1_SX300.jpg'),
(748620,'Paul Rudd','https://m.media-amazon.com/images/M/MV5BMTY4NTEwNDg1MV5BMl5BanBnXkFtZTgwODMwMDA0ODE@._V1_SX300.jpg'),
(751625,'Gianni Russo','https://m.media-amazon.com/images/M/MV5BNTgyMTgxODM4MV5BMl5BanBnXkFtZTcwNDg5NDYwOA@@._V1_SX300.jpg'),
(754992,'Michael Saccente','https://imdb-api.com/images/original/nopicture.jpg'),
(755972,'Anatoly M. Sagalevitch','https://imdb-api.com/images/original/nopicture.jpg'),
(757855,'Zoe Saldana','https://m.media-amazon.com/images/M/MV5BMGNhNzdlMTAtZGE2NS00MmU5LWIzNmYtMjVlNThiNmU1ZWY4XkEyXkFqcGdeQXVyMTkxNjUyNQ@@._V1_SX300.jpg'),
(760796,'Hiroyuki Sanada','https://m.media-amazon.com/images/M/MV5BMjE2MzY0NTM1Ml5BMl5BanBnXkFtZTcwNzQzNzMyMw@@._V1_SX300.jpg'),
(764527,'Danny Sapani','https://m.media-amazon.com/images/M/MV5BMTc1MDg2ODE2OV5BMl5BanBnXkFtZTgwNDc1NjE2MTE@._V1_SX300.jpg'),
(767242,'Andrea Savage','https://m.media-amazon.com/images/M/MV5BMjI2MTg4MTYxMV5BMl5BanBnXkFtZTgwNzk0MzEwMDI@._V1_SX300.jpg'),
(771327,'Ralph Schicha','https://imdb-api.com/images/original/nopicture.jpg'),
(781238,'Amy Sedaris','https://m.media-amazon.com/images/M/MV5BODIyNDE5NDg2OV5BMl5BanBnXkFtZTcwMDc0NDU5Ng@@._V1_SX300.jpg'),
(781913,'Noah Segan','https://m.media-amazon.com/images/M/MV5BMTQ5NTE2ODI1OV5BMl5BanBnXkFtZTcwNjYzOTk0Ng@@._V1_SX300.jpg'),
(788335,'Michael Shannon','https://m.media-amazon.com/images/M/MV5BMjE0NzM5MTc5OF5BMl5BanBnXkFtZTgwMjc3ODYxODE@._V1_SX300.jpg'),
(795169,'Pat Shortt','https://m.media-amazon.com/images/M/MV5BODA0ZDU2MzktYmViMS00OWNkLWJmYWUtZWYxNDM0MjdlNWU0XkEyXkFqcGdeQXVyODQ0NzcyODM@._V1_SX300.jpg'),
(803889,'Bill Skarsgård','https://m.media-amazon.com/images/M/MV5BODBlNmRhODYtOWE2Ni00MTZmLWExMWYtMmRjYWNhNDRjNGU2XkEyXkFqcGdeQXVyMDM2NDM2MQ@@._V1_SX300.jpg'),
(803890,'Gustaf Skarsgård','https://m.media-amazon.com/images/M/MV5BMTQ3NDIwNjgyMF5BMl5BanBnXkFtZTgwNDU4MjI1OTE@._V1_SX300.jpg'),
(806217,'Joey Slotnick','https://m.media-amazon.com/images/M/MV5BOWEwYzUxZDctMzAzOC00M2M4LThiNjEtMzNlZGE1NjdjODk5XkEyXkFqcGdeQXVyMTMyMTg4MzI0._V1_SX300.jpg'),
(811242,'Brittany Snow','https://m.media-amazon.com/images/M/MV5BZDg4ZjI3YTgtYTZkZS00Nzg2LTk1Y2QtZjMyNmRjZDA2MTg2XkEyXkFqcGdeQXVyMjQ5MTkzMjc@._V1_SX300.jpg'),
(814227,'Stephen Sondheim','https://m.media-amazon.com/images/M/MV5BMjEyOTcyNjE3M15BMl5BanBnXkFtZTYwOTM3NTc4._V1_SX300.jpg'),
(829380,'Ewan Stewart','https://m.media-amazon.com/images/M/MV5BNjNjOTM3NjAtZGU0Ni00MTNlLWI0YjYtNzQ4NTU4M2QwMTUxXkEyXkFqcGdeQXVyNDUzOTQ5MjY@._V1_SX300.jpg'),
(834479,'Devid Striesow','https://m.media-amazon.com/images/M/MV5BMjE3MzkzOTkyMF5BMl5BanBnXkFtZTYwNTgzNzI3._V1_SX300.jpg'),
(835016,'Mark Strong','https://m.media-amazon.com/images/M/MV5BMDMyZTk5YWQtODNmMy00NDBkLThjMmYtOWEzZWJkOTQxZDc1XkEyXkFqcGdeQXVyMDQxMDEwMw@@._V1_SX300.jpg'),
(837784,'Barbara Sukowa','https://m.media-amazon.com/images/M/MV5BMTkwMzM3MDkyNF5BMl5BanBnXkFtZTcwNjA5NDgzNw@@._V1_SX300.jpg'),
(848894,'Selena Tan','https://m.media-amazon.com/images/M/MV5BZGM5NDkxYzUtY2E3OS00ZDM2LTkwZjUtNzMzZjRhNzgxZmM1XkEyXkFqcGdeQXVyOTI0NTgwNTE@._V1_SX300.jpg'),
(855132,'Julius Tennon','https://imdb-api.com/images/original/nopicture.jpg'),
(867022,'Alfred Rubin Thompson','https://m.media-amazon.com/images/M/MV5BYzcyYTU4YmItMTNjMy00YWE5LWI0MjAtOGU1NmY0ZjBlY2Q0XkEyXkFqcGdeQXVyODI0MjYzNjM@._V1_SX300.jpg'),
(877270,'Glynn Turman','https://m.media-amazon.com/images/M/MV5BNTg3NjYwNDkzM15BMl5BanBnXkFtZTgwMDkyOTE5MzE@._V1_SX300.jpg'),
(879085,'Tyrese Gibson','https://m.media-amazon.com/images/M/MV5BMjA3MjU1NzY4OF5BMl5BanBnXkFtZTgwMzU3MDQxNTE@._V1_SX300.jpg'),
(881831,'Stephen Ure','https://m.media-amazon.com/images/M/MV5BNDJiMTRjZDEtNjRmNi00NWJmLWIxZmUtMDIwNTMyZjJmMjNlXkEyXkFqcGdeQXVyNjUxMjc1OTM@._V1_SX300.jpg'),
(893941,'Maribel Verdú','https://m.media-amazon.com/images/M/MV5BMTQ1NjkwMjA0NV5BMl5BanBnXkFtZTYwNzU2NzE2._V1_SX300.jpg'),
(907510,'Amanda Walker','https://m.media-amazon.com/images/M/MV5BMjIxMTUyNzM4N15BMl5BanBnXkFtZTgwMjYzMjEyNjE@._V1_SX300.jpg'),
(926086,'Isiah Whitlock Jr.','https://m.media-amazon.com/images/M/MV5BMzc5Mzk4OTQ1Nl5BMl5BanBnXkFtZTcwNzgxNTk0Mg@@._V1_SX300.jpg'),
(927706,'Biff Wiff','https://m.media-amazon.com/images/M/MV5BYjRmMTExN2QtMDczOC00NDQ3LWJkNTItOTRiYTlmM2I3N2Q0XkEyXkFqcGdeQXVyMTE5NzE4MDAz._V1_SX300.jpg'),
(930898,'Jesse Williams','https://m.media-amazon.com/images/M/MV5BZTk5NmVmNjUtYTFjMi00NGYzLWFiYjYtMzE0ZDE2YTNjM2I4XkEyXkFqcGdeQXVyODgwMzQ5Ng@@._V1_SX300.jpg'),
(931329,'Michelle Williams','https://m.media-amazon.com/images/M/MV5BMjExNjY5NDY0MV5BMl5BanBnXkFtZTgwNjQ1Mjg1MTI@._V1_SX300.jpg'),
(935653,'Ray Winstone','https://m.media-amazon.com/images/M/MV5BMTc1NTM2MTU1OV5BMl5BanBnXkFtZTcwNDAzNTQyMw@@._V1_SX300.jpg'),
(937000,'Michael Wittenborn','https://m.media-amazon.com/images/M/MV5BYTQyZGU4OWUtYjQ1Yy00YzNkLTkxNjMtZTU3NzViZmNhYTBhXkEyXkFqcGdeQXVyNDkzNTM2ODg@._V1_SX300.jpg'),
(941777,'Sam Worthington','https://m.media-amazon.com/images/M/MV5BZWUwNmEwZTUtYzMxMS00ODg5LTlmYjItMGU4ZjNmN2Q1NjkwXkEyXkFqcGdeQXVyMTM1MjAxMDc3._V1_SX300.jpg'),
(947447,'Donnie Yen','https://m.media-amazon.com/images/M/MV5BZGU0ZjFjZGMtZGU4My00ZmRmLTk2Y2EtOWNlZjhhZmE2MjIwXkEyXkFqcGdeQXVyMTA2MDIzMDE5._V1_SX300.jpg'),
(969841,'Carmen Olivares','https://m.media-amazon.com/images/M/MV5BOGQ0NDQ4YTctYTdhZC00MzU3LWFhMzAtMTg5ZWI2NzdmNmFlXkEyXkFqcGdeQXVyMTEzNDMwNzU@._V1_SX300.jpg'),
(970447,'Conrad Vernon','https://m.media-amazon.com/images/M/MV5BMTY3NjM5NjMxNF5BMl5BanBnXkFtZTcwMTc1ODMxOA@@._V1_SX300.jpg'),
(970606,'Cody Cameron','https://m.media-amazon.com/images/M/MV5BYTU0NWZlNzgtNjVjMy00YmI4LThkODMtZTRhZGFhMTMxOGQ2XkEyXkFqcGdeQXVyMzI2MDEwNA@@._V1_SX300.jpg'),
(1030244,'Chukwudi Iwuji','https://m.media-amazon.com/images/M/MV5BZTBlZWZlYmYtMTEzZi00OTU5LWEzYWQtYjJjZjBmZWJkOTUxXkEyXkFqcGdeQXVyMTk4NTI2NTI@._V1_SX300.jpg'),
(1034965,'Bryan Greenberg','https://m.media-amazon.com/images/M/MV5BNWRhNzFkYzktOWY5MS00OThjLTk0YWMtZTZhMzlkZDg1Nzk3XkEyXkFqcGdeQXVyMTc3NjUyMzg@._V1_SX300.jpg'),
(1043164,'La La Anthony','https://m.media-amazon.com/images/M/MV5BNTA1MDA3NTUxM15BMl5BanBnXkFtZTcwMzU5Njc4OQ@@._V1_SX300.jpg'),
(1047252,'Marko Zaror','https://m.media-amazon.com/images/M/MV5BMGZmNzU3OTQtNmJkOC00YzE3LTg1ZGQtMTJmNzA2YjhjYWY5XkEyXkFqcGdeQXVyMzQwMDQ0NDY@._V1_SX300.jpg'),
(1052657,'Zainab Jah','https://m.media-amazon.com/images/M/MV5BZWViMDQxMjMtZTdlYS00NzI4LWE4ZjItZWIzMDc0MTcwMjc2XkEyXkFqcGdeQXVyNDIzOTk3MQ@@._V1_SX300.jpg'),
(1063517,'Kathryn Hahn','https://m.media-amazon.com/images/M/MV5BMjE1OTcxNDczMl5BMl5BanBnXkFtZTcwMDA1NDcyMQ@@._V1_SX300.jpg'),
(1078479,'John Cena','https://m.media-amazon.com/images/M/MV5BMTQ5MzkzNTIyN15BMl5BanBnXkFtZTYwNzUzOTA2._V1_SX300.jpg'),
(1093951,'Aaron Taylor-Johnson','https://m.media-amazon.com/images/M/MV5BMzE5MzI0MzY2OF5BMl5BanBnXkFtZTgwODE3MTk4MTE@._V1_SX300.jpg'),
(1094137,'Molly Gordon','https://m.media-amazon.com/images/M/MV5BMGUxMGVhNTctOGU4NS00NDhlLWFjMTctN2EyMGM4MDVhNzgzXkEyXkFqcGdeQXVyNTQ3MjgzNjM@._V1_SX300.jpg'),
(1102987,'Serena Williams','https://m.media-amazon.com/images/M/MV5BMTc0NzY4Mzg1Ml5BMl5BanBnXkFtZTcwMzU5NzY4Mw@@._V1_SX300.jpg'),
(1105980,'Kathryn Newton','https://m.media-amazon.com/images/M/MV5BMDM5YjI2NDItYWY1My00ZmUyLTgyZjMtOGQzMmEyNjk0ODU5XkEyXkFqcGdeQXVyMjQwMDg0Ng@@._V1_SX300.jpg'),
(1117791,'Rob Corddry','https://m.media-amazon.com/images/M/MV5BMTY5ODI5Njk2Nl5BMl5BanBnXkFtZTcwOTY3NTA3MQ@@._V1_SX300.jpg'),
(1118222,'Adam Gopnik','https://imdb-api.com/images/original/nopicture.jpg'),
(1123364,'Jimmy Smagula','https://m.media-amazon.com/images/M/MV5BMjUyZjA3YTktNzBlMS00ZjZhLTk5ZjctNWJiZDA5ZmQ5MGY3XkEyXkFqcGdeQXVyMTY1NTY4OA@@._V1_SX300.jpg'),
(1133612,'Patrick Cooley','https://m.media-amazon.com/images/M/MV5BMTU2NzkyNTA3NF5BMl5BanBnXkFtZTYwODM2Njky._V1_SX300.jpg'),
(1146786,'Troy Metcalf','https://m.media-amazon.com/images/M/MV5BOGQxNjY3Y2EtYzNlMS00N2U0LWFmNjItZGYxMjdkYmYzMGZmXkEyXkFqcGdeQXVyMTk0NDk0OQ@@._V1_SX300.jpg'),
(1149035,'Albert Hammond Jr.','https://m.media-amazon.com/images/M/MV5BNDU0MmUzOWEtMWY1ZS00YWU4LWFmMzAtNzVhY2YxNzE3MTUwXkEyXkFqcGdeQXVyNTI5NjIyMw@@._V1_SX300.jpg'),
(1164730,'Natalia Tena','https://m.media-amazon.com/images/M/MV5BNDUzODQ4OTQwOV5BMl5BanBnXkFtZTcwMzY0OTY4NQ@@._V1_SX300.jpg'),
(1166844,'Tom Papa','https://m.media-amazon.com/images/M/MV5BMTM2MTIyMjk4OV5BMl5BanBnXkFtZTcwODE4MTg5NA@@._V1_SX300.jpg'),
(1176985,'Dave Bautista','https://m.media-amazon.com/images/M/MV5BNTZkYzU0ZGUtZTk1MC00MzJjLWFmMzItY2M0ODY1ZmI2OGQ0XkEyXkFqcGdeQXVyMjI0MjgwNjc@._V1_SX300.jpg'),
(1180714,'Lee Avant','https://m.media-amazon.com/images/M/MV5BZWIxMTYyYjYtZWEwNC00Yzk1LWE5YjQtYTIzNzRlMGVjMTdiXkEyXkFqcGdeQXVyMjk1NDUwNQ@@._V1_SX300.jpg'),
(1190376,'Anthony Molinari','https://m.media-amazon.com/images/M/MV5BMTc3MTIxYmUtZTkwNS00MzYyLWI3YTktOWY2NDkwYmNjZjQ0XkEyXkFqcGdeQXVyMjAyNzc5MQ@@._V1_SX300.jpg'),
(1197230,'James Gaylyn','https://m.media-amazon.com/images/M/MV5BMjA3NzUxNDI1OF5BMl5BanBnXkFtZTgwMjc5ODQ5MTI@._V1_SX300.jpg'),
(1199811,'Masi Oka','https://m.media-amazon.com/images/M/MV5BOTA4Mjc5ODIxNV5BMl5BanBnXkFtZTcwODk1NjU2NQ@@._V1_SX300.jpg'),
(1235154,'Deon Cole','https://m.media-amazon.com/images/M/MV5BMTM1MDM4ODM4OV5BMl5BanBnXkFtZTcwNDk5NTE4Nw@@._V1_SX300.jpg'),
(1260853,'Gloria Calderón Kellett','https://m.media-amazon.com/images/M/MV5BNjBjMTFhMjktMjdkYi00NDY5LWEwNDUtNWYxYzgwYTYyYzUwXkEyXkFqcGdeQXVyMzAyNzA1Ng@@._V1_SX300.jpg'),
(1270268,'Craig Stein','https://m.media-amazon.com/images/M/MV5BZDQxMjY0OTAtNzA5OC00NDg5LWJkYmItZWE0NWU2MTdiYzU4XkEyXkFqcGdeQXVyMTA0MDgyNjEx._V1_SX300.jpg'),
(1282920,'Noma Dumezweni','https://m.media-amazon.com/images/M/MV5BOWUxMzNjNGUtMGY5Yi00ZDU4LWI4MTItODVlMDBmOTk2NGY0XkEyXkFqcGdeQXVyMTkxNjUyNQ@@._V1_SX300.jpg'),
(1312575,'Olivia Wilde','https://m.media-amazon.com/images/M/MV5BMTg5NTc1NzgwOV5BMl5BanBnXkFtZTcwMTcyMjIzMQ@@._V1_SX300.jpg'),
(1316767,'Dallas Roberts','https://m.media-amazon.com/images/M/MV5BMTcyOTIzMjQzN15BMl5BanBnXkFtZTcwOTk4NTc2OQ@@._V1_SX300.jpg'),
(1318596,'Jemaine Clement','https://m.media-amazon.com/images/M/MV5BMjE4ODY4Njc5N15BMl5BanBnXkFtZTcwMjk1ODIyMw@@._V1_SX300.jpg'),
(1320827,'Randall Park','https://m.media-amazon.com/images/M/MV5BY2ViZjE4ZmItM2M5NC00NTI4LWI3YjEtZjk4ZWU5ODZkZThjXkEyXkFqcGdeQXVyMzQ5MjIzMA@@._V1_SX300.jpg'),
(1337350,'Jay Ellis','https://m.media-amazon.com/images/M/MV5BNjFhYmJjYzctMzRlYS00NDM5LTg5NTktMjUwMjc5OTMxM2RkXkEyXkFqcGdeQXVyMTkxNjUyNQ@@._V1_SX300.jpg'),
(1339223,'Ty Simpkins','https://m.media-amazon.com/images/M/MV5BN2IyNDIxODgtOGEzZS00MTc5LTkxZDAtN2QxNjNkNDYyOTZmXkEyXkFqcGdeQXVyMTAxNjMxMjg@._V1_SX300.jpg'),
(1339690,'Ian Merrill Peakes','https://m.media-amazon.com/images/M/MV5BMDIxN2FjZWMtZjE0YS00NWNmLWI5ZjUtMzg2MzI4ZmE5YTNmXkEyXkFqcGdeQXVyMTYxOTAzOTM3._V1_SX300.jpg'),
(1365203,'Vicki Berlin','https://m.media-amazon.com/images/M/MV5BZDU5NTdlNTktNDgwOS00MDI2LTljMzUtMGJiYTRhMzZkNmQxXkEyXkFqcGdeQXVyNzIyODQxODg@._V1_SX300.jpg'),
(1368643,'Ross Mullan','https://m.media-amazon.com/images/M/MV5BMTA1MDIxNzkwMTZeQTJeQWpwZ15BbWU4MDczNjU2Mjkx._V1_SX300.jpg'),
(1389891,'Sebastian Hülk','https://m.media-amazon.com/images/M/MV5BYzQ4NmZlM2EtYWU3Ny00NWRmLTg0NDgtNjEyZmMzYjNlNjQ3XkEyXkFqcGdeQXVyMzMxNDY5NDc@._V1_SX300.jpg'),
(1394398,'Aaron Monaghan','https://m.media-amazon.com/images/M/MV5BOGM2ZTFjOTQtNGMzMy00MjNmLWI5YjEtM2U3ZTQzNjI5YzUxXkEyXkFqcGdeQXVyNTI5NjIyMw@@._V1_SX300.jpg'),
(1412974,'Glen Powell','https://m.media-amazon.com/images/M/MV5BMGEzMTIwM2UtYjc5MC00ZGI4LWJiOTAtYzAwZmU0OTYzYWIxXkEyXkFqcGdeQXVyNDg0MzQyNA@@._V1_SX300.jpg'),
(1428821,'Joey King','https://m.media-amazon.com/images/M/MV5BODJmZjUyZDUtYWU1MC00YmNjLWEzODgtOTFlMDRjZDQ0ZjRlXkEyXkFqcGdeQXVyMjMzMjAyOA@@._V1_SX300.jpg'),
(1431940,'Evangeline Lilly','https://m.media-amazon.com/images/M/MV5BMTc2MDMzODU0OV5BMl5BanBnXkFtZTgwODIwOTAxMzI@._V1_SX300.jpg'),
(1434450,'Millen Baird','https://m.media-amazon.com/images/M/MV5BZmU3OTdhMDItMTIwZC00M2I3LWE0OWEtZjE1Nzg1NmM4ZWIyXkEyXkFqcGdeQXVyMjQwMDg0Ng@@._V1_SX300.jpg'),
(1469236,'Olivia Colman','https://m.media-amazon.com/images/M/MV5BMTY4MzU2ODIzNl5BMl5BanBnXkFtZTgwMTM2OTA1NzM@._V1_SX300.jpg'),
(1475594,'Channing Tatum','https://m.media-amazon.com/images/M/MV5BMTUyOTc2NTEwNV5BMl5BanBnXkFtZTgwNDgxMjMxNjE@._V1_SX300.jpg'),
(1484270,'Harry Shum Jr.','https://m.media-amazon.com/images/M/MV5BODlkZWJkZDAtOGI0NC00ODQ1LTg2OTAtOWFhNWUzYmQ3NDVlXkEyXkFqcGdeQXVyMTI0MTczNDk@._V1_SX300.jpg'),
(1502434,'Leslie Odom Jr.','https://m.media-amazon.com/images/M/MV5BODU4ZjgzNTUtY2Y2Yy00ZTA2LWI4ZGUtNjQxMzRhNmIzYjlhXkEyXkFqcGdeQXVyMjQwMDg0Ng@@._V1_SX300.jpg'),
(1502541,'Tom Yi','https://m.media-amazon.com/images/M/MV5BZTQzYTg5NmItYTlkYS00ZTc0LTg3MWUtNTRjZmM0NDgyMDJlXkEyXkFqcGdeQXVyMjQwMDg0Ng@@._V1_SX300.jpg'),
(1506981,'Bashir Salahuddin','https://m.media-amazon.com/images/M/MV5BOTYzMzIzMjU2NF5BMl5BanBnXkFtZTgwNDkwNDE2NDM@._V1_SX300.jpg'),
(1519739,'Nika King','https://m.media-amazon.com/images/M/MV5BMGY2NjU0ODEtMzg0Ni00NTIzLTlhNTItNTFmMmZiOTJjYjE2XkEyXkFqcGdeQXVyMjc3Njg5NTQ@._V1_SX300.jpg'),
(1530018,'Tom Brady','https://m.media-amazon.com/images/M/MV5BMTc1NTUwNDUwNl5BMl5BanBnXkFtZTYwMzIxNzY0._V1_SX300.jpg'),
(1555340,'Alison Brie','https://m.media-amazon.com/images/M/MV5BMjJkNDg5ZDctM2RlZS00NjFmLTkxZjktMWE5NGQzMDg4NDFhXkEyXkFqcGdeQXVyMTMwMDM1OTQ@._V1_SX300.jpg'),
(1563251,'Amar Bukvic','https://m.media-amazon.com/images/M/MV5BMDdlMTgwNTItZjNiMy00NDRlLTgzNTctM2ZmM2QwM2E1NTY3XkEyXkFqcGdeQXVyMjQwMDg0Ng@@._V1_SX300.jpg'),
(1591496,'Mike Colter','https://m.media-amazon.com/images/M/MV5BODJkZjM1YTAtYTAzZi00NDc1LTk0ODItNTQ2MTEwNDY0MmI1XkEyXkFqcGdeQXVyMzg0MjI1OQ@@._V1_SX300.jpg'),
(1594381,'Aaron Lazar','https://m.media-amazon.com/images/M/MV5BZjMyYWIxODgtN2RkYi00OGNiLWEzOTItMzNmYzcwMjdhMDI2XkEyXkFqcGdeQXVyMjQwMDg0Ng@@._V1_SX300.jpg'),
(1599810,'Erin Cline','https://m.media-amazon.com/images/M/MV5BNjYwMWMyNDItNDY1YS00Yzk4LWFiMjMtNWQ3ZTg4MmVhNWM5XkEyXkFqcGdeQXVyMTMzMzY2MDY@._V1_SX300.jpg'),
(1601397,'Olivia Munn','https://m.media-amazon.com/images/M/MV5BMjA2OTMyNTczMV5BMl5BanBnXkFtZTcwNDc5MzIzMw@@._V1_SX300.jpg'),
(1617659,'Carolina Gynning','https://m.media-amazon.com/images/M/MV5BMzRkZmRhNzUtMmIwMy00MzcxLTk5ZDctNWNjMWZhMDYxOWM1XkEyXkFqcGdeQXVyMzc3MTI4MjY@._V1_SX300.jpg'),
(1640149,'Dan Brown','https://m.media-amazon.com/images/M/MV5BZDVmZGI3MjAtM2MxMi00MjMyLWE5YzctMjJmNzJjOWI3OTJlXkEyXkFqcGdeQXVyNzg5NTI5Ng@@._V1_SX300.jpg'),
(1641117,'Alex Pettyfer','https://m.media-amazon.com/images/M/MV5BNzUyMzBmNzQtZjkxMy00MzI0LTlkMzMtMmQ2YzllMDliMTMzXkEyXkFqcGdeQXVyNjAzNTQ5Njc@._V1_SX300.jpg'),
(1659221,'Sebastian Stan','https://m.media-amazon.com/images/M/MV5BNTk2OGU4NzktODhhOC00Nzc2LWIyNzYtOWViMjljZGFiNTMxXkEyXkFqcGdeQXVyMTE1NTQwOTk@._V1_SX300.jpg'),
(1662644,'Antje Traue','https://m.media-amazon.com/images/M/MV5BMjMwNzQ3MzUxOV5BMl5BanBnXkFtZTcwNjgzMjA5OQ@@._V1_SX300.jpg'),
(1671147,'Cleopatra Coleman','https://m.media-amazon.com/images/M/MV5BNTA4NjY1OWYtYWZkMS00MzIxLTlhODEtZjU5NWRmYjRjMDcyXkEyXkFqcGdeQXVyMTM1MDAwMzEw._V1_SX300.jpg'),
(1671349,'Tracey Ilgner','https://imdb-api.com/images/original/nopicture.jpg'),
(1706767,'Jonah Hill','https://m.media-amazon.com/images/M/MV5BMTUyNDU0NzAwNl5BMl5BanBnXkFtZTcwMzQxMzIzNw@@._V1_SX300.jpg'),
(1708824,'Khadijah Haqq','https://m.media-amazon.com/images/M/MV5BNDY2YTNkODEtYWIwNC00OTNhLThiYWEtNDY1YWZkZDQ1NmFkXkEyXkFqcGdeQXVyMTA2MDIzMDE5._V1_SX300.jpg'),
(1723862,'Kristy Nolen','https://imdb-api.com/images/original/nopicture.jpg'),
(1727825,'Tony Revolori','https://m.media-amazon.com/images/M/MV5BZWYwYzc4MzUtOTc0ZC00NTk3LTk4MTQtM2ZhYmJlYzlhMTYwXkEyXkFqcGdeQXVyMzk0NzA4MDc@._V1_SX300.jpg'),
(1730221,'Reid Carolin','https://m.media-amazon.com/images/M/MV5BMTUyNzI2ODQ3Nl5BMl5BanBnXkFtZTcwNDA4OTMwOA@@._V1_SX300.jpg'),
(1739904,'Jean-Christophe Folly','https://m.media-amazon.com/images/M/MV5BMGNjZmMyNzItNDBhZi00MjlkLTgyN2UtOGIzYTlkMjUxNTcyXkEyXkFqcGdeQXVyNzg5OTk2OA@@._V1_SX300.jpg'),
(1745190,'George Georgiou','https://m.media-amazon.com/images/M/MV5BYTZhY2JmYjMtZTMxOS00YTFkLTlmMWQtNTZlMGEwNmNjOWIxXkEyXkFqcGdeQXVyMTUwNTI4NzE@._V1_SX300.jpg'),
(1775091,'Danai Gurira','https://m.media-amazon.com/images/M/MV5BNjYyNjg1OTU1M15BMl5BanBnXkFtZTgwNzYyNTkzMDI@._V1_SX300.jpg'),
(1782991,'Halle Bailey','https://m.media-amazon.com/images/M/MV5BZjliMTQxZmEtYzhjNC00NzMyLTgyMzItYzE3YTU0MDVkOTUzXkEyXkFqcGdeQXVyNTUyNTQxNDc@._V1_SX300.jpg'),
(1825214,'John Mulaney','https://m.media-amazon.com/images/M/MV5BMTcyNjU3MjE3MF5BMl5BanBnXkFtZTgwNDk5MzIyMTE@._V1_SX300.jpg'),
(1825981,'George A. Sack','https://imdb-api.com/images/original/nopicture.jpg'),
(1847117,'Janelle Monáe','https://m.media-amazon.com/images/M/MV5BMTEyMDA1MzE0NjdeQTJeQWpwZ15BbWU3MDM0NzA4MDQ@._V1_SX300.jpg'),
(1882929,'Liana Liberato','https://m.media-amazon.com/images/M/MV5BYjE1ODFhMjctMTMxMy00MWQ1LTk0ZmEtNWE3ZTM5ZWYyOTkxXkEyXkFqcGdeQXVyNTM3Mjg0OQ@@._V1_SX300.jpg'),
(1886602,'Miles Teller','https://m.media-amazon.com/images/M/MV5BM2ZiYThiZTUtYmM0ZS00ZWQzLTgzMTEtZWY1ZDkwNWM4ZGNmXkEyXkFqcGdeQXVyMTE1MTYxNDAw._V1_SX300.jpg'),
(1893071,'Nancy Baldwin','https://imdb-api.com/images/original/nopicture.jpg'),
(1896175,'Jim Garrity','https://m.media-amazon.com/images/M/MV5BODI2MzgyMmEtMjI4MC00ODUzLTlkM2YtMjAyOWFkODZkNWUwXkEyXkFqcGdeQXVyMTE2NDg1NjU@._V1_SX300.jpg'),
(1921376,'Gideon Glick','https://m.media-amazon.com/images/M/MV5BYjFjOTJiMGMtY2NmOC00ODMxLWJiNzQtZGY1Y2FkZjNhNmJiXkEyXkFqcGdeQXVyOTA2MTAwMQ@@._V1_SX300.jpg'),
(1935086,'Tessa Thompson','https://m.media-amazon.com/images/M/MV5BNjk4MDU3NDg4NF5BMl5BanBnXkFtZTcwMjMxMjcwNA@@._V1_SX300.jpg'),
(1950086,'Greta Gerwig','https://m.media-amazon.com/images/M/MV5BNDE5MTIxMTMzMV5BMl5BanBnXkFtZTcwMjMxMDYxOQ@@._V1_SX300.jpg'),
(1951089,'Jen Van Epps','https://m.media-amazon.com/images/M/MV5BMDU0NTQwM2MtMjczYS00ZGFmLWI5ZDctYzZhNjZhZjI2NDNmXkEyXkFqcGdeQXVyNjg2NzAzNA@@._V1_SX300.jpg'),
(1960207,'Bernardo De Paula','https://m.media-amazon.com/images/M/MV5BYWJkNjRhZGEtMTYwYS00MDdkLTkwNjQtYzYxMDM4YTNiNjE4XkEyXkFqcGdeQXVyMjQwMDg0Ng@@._V1_SX300.jpg'),
(1964540,'Minchi Murakami','https://m.media-amazon.com/images/M/MV5BNjIyMjE3NzU3MV5BMl5BanBnXkFtZTgwNTIxMDk2NDE@._V1_SX300.jpg'),
(1970465,'Kristofer Hivju','https://m.media-amazon.com/images/M/MV5BNjk2MjhlMTItMjAxMS00NmFkLTg1ZjItZDY5ZWUyMmY0MzE2XkEyXkFqcGdeQXVyMDM2NDM2MQ@@._V1_SX300.jpg'),
(1988575,'Lauren London','https://m.media-amazon.com/images/M/MV5BMTQ4MTkzNTg4M15BMl5BanBnXkFtZTYwMjUzMTE1._V1_SX300.jpg'),
(2003994,'Peter Grosz','https://m.media-amazon.com/images/M/MV5BMTUzNzUwNjM0OF5BMl5BanBnXkFtZTgwOTUxODU3ODE@._V1_SX300.jpg'),
(2005766,'Mike Houston','https://m.media-amazon.com/images/M/MV5BOTYzODQ3ODA3N15BMl5BanBnXkFtZTgwOTc1MjIwOTE@._V1_SX300.jpg'),
(2009056,'Akie Kotabe','https://m.media-amazon.com/images/M/MV5BMTQzNzU0MDYwOV5BMl5BanBnXkFtZTgwNTg5NjIxNTE@._V1_SX300.jpg'),
(2016157,'Artemis Pebdani','https://m.media-amazon.com/images/M/MV5BMTk2NTk4MDQ5N15BMl5BanBnXkFtZTcwOTEzMTIzMQ@@._V1_SX300.jpg'),
(2019219,'Josh Segarra','https://m.media-amazon.com/images/M/MV5BOTgxMmZhY2YtMjYxOC00NDFiLWE5NmUtMDc5NWU1NjA5ODZjXkEyXkFqcGdeQXVyNzAzNzg4NTg@._V1_SX300.jpg'),
(2024927,'Alan Ritchson','https://m.media-amazon.com/images/M/MV5BMGI4Y2QzZWEtYmYwMC00MTc1LWI1ZjEtYjMzNzA4MDQ2Yjk0XkEyXkFqcGdeQXVyNzY1NTEzMw@@._V1_SX300.jpg'),
(2075330,'Mark Killeen','https://m.media-amazon.com/images/M/MV5BMzhjZjgzOGMtYmZmYS00OTJkLWIwMzktMGVhZjU2M2Q5NTQ5XkEyXkFqcGdeQXVyMTIxMTI4MDU@._V1_SX300.jpg'),
(2100081,'Phoebe Tonkin','https://m.media-amazon.com/images/M/MV5BZDc0OGU0ZDMtOWNmOC00OWQ2LWE1NmUtN2FiMzBkMmZmN2Y0XkEyXkFqcGdeQXVyMTY2OTA0MTY@._V1_SX300.jpg'),
(2117728,'Marian Li','https://imdb-api.com/images/original/nopicture.jpg'),
(2125078,'Griffin Matthews','https://m.media-amazon.com/images/M/MV5BN2NlZWY2ZjMtZjllMy00YmM5LWE5M2EtZGE5MTAwYzIxNjdjXkEyXkFqcGdeQXVyOTQxNjA2Mw@@._V1_SX300.jpg'),
(2143282,'Lupita Nyong\'o','https://m.media-amazon.com/images/M/MV5BMTY0NTQ4MDY2Nl5BMl5BanBnXkFtZTgwNDk1MTEyMDE@._V1_SX300.jpg'),
(2162374,'Kevin McCann','https://imdb-api.com/images/original/nopicture.jpg'),
(2172895,'Henrik Dorsin','https://m.media-amazon.com/images/M/MV5BMTg4OTEzNTE3Ml5BMl5BanBnXkFtZTgwNDAwNTU0MzE@._V1_SX300.jpg'),
(2185141,'Denise Vasi','https://m.media-amazon.com/images/M/MV5BMTM3MTgyNzMzOF5BMl5BanBnXkFtZTcwMDg3MDU4NA@@._V1_SX300.jpg'),
(2186865,'Hong Chau','https://m.media-amazon.com/images/M/MV5BNjllNmMzNWYtM2JjMS00ODg4LTk2OWEtYWE3OTc1NzMzMGM2XkEyXkFqcGdeQXVyNTc0NTQ3MQ@@._V1_SX300.jpg'),
(2204178,'Tenoch Huerta','https://m.media-amazon.com/images/M/MV5BN2QwNmE4Y2YtZjNkMS00NDAzLTliYTgtYTgyZDYyMTcwYTM4XkEyXkFqcGdeQXVyMTE1MTYxNDAw._V1_SX300.jpg'),
(2209821,'Danny Pudi','https://m.media-amazon.com/images/M/MV5BNzkxNTdhMzAtYmYyMS00NTAwLThkODctMDhhZDU0OTM0ZDQ0XkEyXkFqcGdeQXVyOTI5Njg2NjU@._V1_SX300.jpg'),
(2225974,'Guy Fieri','https://m.media-amazon.com/images/M/MV5BMTQ5NTUzNDE5OV5BMl5BanBnXkFtZTgwMjAwOTE1MDE@._V1_SX300.jpg'),
(2266438,'Eric Tiede','https://m.media-amazon.com/images/M/MV5BNjVlOWZmNmMtOTg4YS00YTRmLTk2ZTMtYzMxNDMwZjNiMTY3XkEyXkFqcGdeQXVyNTA3ODI4NDE@._V1_SX300.jpg'),
(2282835,'George Carroll','https://m.media-amazon.com/images/M/MV5BM2Q2MDg0MGUtZGU5ZC00MzJkLWFlZGUtNjk5Y2VlODkwYmE0XkEyXkFqcGdeQXVyMjEzMjMzNDc@._V1_SX300.jpg'),
(2286906,'Matthew J. Saville','https://m.media-amazon.com/images/M/MV5BYjBhMzNjNjItMDEzNi00Mjk4LWIzNGQtMDVlNzRiYjM3MjhlXkEyXkFqcGdeQXVyMjQwMDg0Ng@@._V1_SX300.jpg'),
(2307976,'Alan Katic','https://imdb-api.com/images/original/nopicture.jpg'),
(2342888,'Rob Yang','https://m.media-amazon.com/images/M/MV5BMmEyMDg0MmQtMjYxYS00Zjg3LTgyOTUtZmI0YjA0NjUwMTdkXkEyXkFqcGdeQXVyOTMwNTgwNDM@._V1_SX300.jpg'),
(2345047,'Michael Stange','https://imdb-api.com/images/original/nopicture.jpg'),
(2349733,'Alaa Safi','https://m.media-amazon.com/images/M/MV5BNjQ5MDBjNDMtMDUzMC00NzE0LWI3NjQtODFmMTg4YWM5ZjdmXkEyXkFqcGdeQXVyMjQwMDg0Ng@@._V1_SX300.jpg'),
(2354102,'Quincy Dunn-Baker','https://m.media-amazon.com/images/M/MV5BYzVmNGE2ZjUtZWFjZS00YmJkLWJmN2YtOTcyM2UwMjk5NGY2XkEyXkFqcGdeQXVyNDk0NjU5Mg@@._V1_SX300.jpg'),
(2358643,'Micaela Johnson','https://m.media-amazon.com/images/M/MV5BZDFhZWNkNjctM2FmOC00YTViLWJjMzgtNTg1NzZjZTlhNjU0XkEyXkFqcGdeQXVyMjI4MzI1ODE@._V1_SX300.jpg'),
(2359285,'Craig Henningsen','https://m.media-amazon.com/images/M/MV5BNzQ2NDEyMjktNmZhZS00MjM3LWI4OGUtMDFkZDIwZTZjMjRjXkEyXkFqcGdeQXVyMjMzMzg4MDE@._V1_SX300.jpg'),
(2366949,'Kamilla Fátyol','https://imdb-api.com/images/original/nopicture.jpg'),
(2373831,'Anthony Mendez','https://m.media-amazon.com/images/M/MV5BMzAzMTEyMjQyMl5BMl5BanBnXkFtZTgwODYzOTc4NjE@._V1_SX300.jpg'),
(2377903,'Lucy Boynton','https://m.media-amazon.com/images/M/MV5BMTk4ZWI3ZDktNzBiYS00MzdiLTk2MDEtOWNlOTY0ZDg3NDBhXkEyXkFqcGdeQXVyODY2MTA2OTg@._V1_SX300.jpg'),
(2394794,'Karen Gillan','https://m.media-amazon.com/images/M/MV5BMTQwMDQ0NDk1OV5BMl5BanBnXkFtZTcwNDcxOTExNg@@._V1_SX300.jpg'),
(2401020,'Will Poulter','https://m.media-amazon.com/images/M/MV5BNGM5Y2IxNmYtODg5Zi00YjZhLThkZDUtMGE1ODc4N2MyZjAzXkEyXkFqcGdeQXVyMTExNzQzMDE0._V1_SX300.jpg'),
(2403277,'Alden Ehrenreich','https://m.media-amazon.com/images/M/MV5BNjY5ODY0MDE5Nl5BMl5BanBnXkFtZTgwODg2NDM4ODE@._V1_SX300.jpg'),
(2414250,'Carl Clemons','https://m.media-amazon.com/images/M/MV5BNmRjYThmMTMtNGVkNS00MzYyLWJjNjktNThiODg4MDdhMTAwXkEyXkFqcGdeQXVyMjQwMDg0Ng@@._V1_SX300.jpg'),
(2418667,'Gavin Spokes','https://m.media-amazon.com/images/M/MV5BZWMyZjFhNGMtYjVhZi00MWQ5LTljY2MtZmFhMGVmOTBhM2IxXkEyXkFqcGdeQXVyMTc2ODUyODk@._V1_SX300.jpg'),
(2430582,'Jessica Hansen','https://m.media-amazon.com/images/M/MV5BYTljZDA4ZDMtOTE2MS00Y2JjLTg5MzUtZmI4ZjQ3YjNiYjIwXkEyXkFqcGdeQXVyNDc3MzYwMDE@._V1_SX300.jpg'),
(2435705,'Andreas Döhler','https://m.media-amazon.com/images/M/MV5BMzUwNGM3YzQtZTE5OC00OWVmLWE4MzEtNTk3Mzk0OTcwYjIxXkEyXkFqcGdeQXVyMTg5Nzc4MTM@._V1_SX300.jpg'),
(2518296,'Edin Hasanovic','https://m.media-amazon.com/images/M/MV5BMjM4NjM2MTE4MF5BMl5BanBnXkFtZTcwNDgyNTQ1OA@@._V1_SX300.jpg'),
(2527590,'Amy LoCicero','https://m.media-amazon.com/images/M/MV5BNTRhMjgyYTEtMDkxYS00NTdlLWE1MGQtZDQ5NzBmMWRlZmYwXkEyXkFqcGdeQXVyMjQwMDg0Ng@@._V1_SX300.jpg'),
(2554070,'Luke Brandon Field','https://m.media-amazon.com/images/M/MV5BY2IyZWM4YzktMWNiMS00ODA0LTg2M2UtOWFiNmRmYjViYWI3XkEyXkFqcGdeQXVyODMxNzU2MDA@._V1_SX300.jpg'),
(2584311,'Sascha Nathan','https://imdb-api.com/images/original/nopicture.jpg'),
(2638278,'Kira Josephson','https://m.media-amazon.com/images/M/MV5BZDU2Yjg5YmUtM2E3Ni00MjhiLWE2YTAtMjM0YmQ3NDIzYWQ3XkEyXkFqcGdeQXVyODE1NTM5NA@@._V1_SX300.jpg'),
(2642787,'Chelsie Florence','https://m.media-amazon.com/images/M/MV5BYzRjYmQ2MGMtNmQwOC00ODI1LWI4ZmItMjkzMmUyZTIzYWVlXkEyXkFqcGdeQXVyMTU4NTA5MzY@._V1_SX300.jpg'),
(2654510,'Leon Cooke','https://m.media-amazon.com/images/M/MV5BZTcwMjdmZDMtMjI5ZC00NGJmLThiMWItMzQwMzliMWFmZDZjXkEyXkFqcGdeQXVyODM3NTUxOTc@._V1_SX300.jpg'),
(2676147,'Jonathan Groff','https://m.media-amazon.com/images/M/MV5BMTUzMDM1NzkxN15BMl5BanBnXkFtZTgwOTg0MzMwNDI@._V1_SX300.jpg'),
(2699225,'Marcus Massey','https://m.media-amazon.com/images/M/MV5BY2NiMDRmODItMDFmNS00ZDNkLThjMTMtZDM5YmJhNzQzMmY0XkEyXkFqcGdeQXVyMTcxOTc4OA@@._V1_SX300.jpg'),
(2714111,'Moritz Klaus','https://imdb-api.com/images/original/nopicture.jpg'),
(2722784,'Jill Winternitz','https://m.media-amazon.com/images/M/MV5BYTViNWQwNTYtOGI2OC00ZTE1LWI4MmEtZDk1ZjAwNmQyZGM0XkEyXkFqcGdeQXVyMjIzNTIwMTE@._V1_SX300.jpg'),
(2733631,'Tony Bingham','https://imdb-api.com/images/original/nopicture.jpg'),
(2742856,'John Dagleish','https://m.media-amazon.com/images/M/MV5BNDgzMTAzYjMtYmU0OS00NzJlLTkzNmMtYmI5YmFiNmNiNDE0XkEyXkFqcGdeQXVyMTY0OTU5NjA@._V1_SX300.jpg'),
(2745297,'Kara Wang','https://m.media-amazon.com/images/M/MV5BNDJiNzk5MjUtMWZiZC00MDEzLTk0NTMtYTVmMzZhNGFhYzFjXkEyXkFqcGdeQXVyMTY1MDcyNjI@._V1_SX300.jpg'),
(2755723,'Brian Jordan Alvarez','https://m.media-amazon.com/images/M/MV5BMzRmNDdjZTktMDllOS00MzkzLWI4ZmItNDgxMzY4NWVlN2Y0XkEyXkFqcGdeQXVyMTk3MzUxMzQ@._V1_SX300.jpg'),
(2807610,'Kaori Taketani','https://m.media-amazon.com/images/M/MV5BMDEzZmZkM2YtMzVjMi00NzczLWJmNWUtZDBhYzM1NTY3Y2Q0XkEyXkFqcGdeQXVyMjQwMDg0Ng@@._V1_SX300.jpg'),
(2809577,'Jenny Slate','https://m.media-amazon.com/images/M/MV5BMjM0YjI1MzMtNTliMy00YTMwLTllOTUtOWVhMjY1ZmQxOThkXkEyXkFqcGdeQXVyMTE1MTYxNDAw._V1_SX300.jpg'),
(2809645,'Matt Lauria','https://m.media-amazon.com/images/M/MV5BMzhkMDliZTEtYzc2Zi00ZDA2LWI1NWMtNDYxNjk2NmJhMWIxXkEyXkFqcGdeQXVyMTgyNDYyNDk@._V1_SX300.jpg'),
(2810287,'David Dastmalchian','https://m.media-amazon.com/images/M/MV5BMTM3Mjc0NzgyN15BMl5BanBnXkFtZTcwOTU3MTE3Nw@@._V1_SX300.jpg'),
(2812026,'Nathalie Emmanuel','https://m.media-amazon.com/images/M/MV5BMTM3NzQ4ODU0M15BMl5BanBnXkFtZTcwMDM4Njg3OA@@._V1_SX300.jpg'),
(2860379,'William Jackson Harper','https://m.media-amazon.com/images/M/MV5BYWE2ZWE4N2ItMzhkMC00ODE4LWI3Y2ItODY5NzE2MzYxMjI2XkEyXkFqcGdeQXVyNDA5MDA5NTY@._V1_SX300.jpg'),
(2864252,'Mason Gooding','https://m.media-amazon.com/images/M/MV5BYzE5OTE1NDQtY2NkOS00Y2I5LWI3YzctZTUyODM5MGQ0NGViXkEyXkFqcGdeQXVyMjcxNDAzNQ@@._V1_SX300.jpg'),
(2924024,'Brian Dare','https://m.media-amazon.com/images/M/MV5BMzExNjgyZWUtZDNiOC00NzBkLTg5YzQtYTE0NGVjOTRmMzFlXkEyXkFqcGdeQXVyMTIzOTc0NzA@._V1_SX300.jpg'),
(2924437,'Yahya McClain','https://m.media-amazon.com/images/M/MV5BZTI2YmE4MmQtYmM2Ni00OGJjLWI4NzctNzFjZDVkY2ZhMzQyXkEyXkFqcGdeQXVyNjA3OTYxMDM@._V1_SX300.jpg'),
(2933542,'Boyd Holbrook','https://m.media-amazon.com/images/M/MV5BMWY3YjA0NDYtYTUwYi00YjEyLTlkNTktNjFlZmY1ZmVhN2VmXkEyXkFqcGdeQXVyNzczNzg0ODc@._V1_SX300.jpg'),
(2948025,'Aimee Carrero','https://m.media-amazon.com/images/M/MV5BNjhjYmE4ZjQtNDkyMy00YjVhLWI1ODktNDFhOTJiZDMyYjc5XkEyXkFqcGdeQXVyMTEzODQxMzYz._V1_SX300.jpg'),
(2957490,'Harvey Guillén','https://m.media-amazon.com/images/M/MV5BNjUxYjViMTYtZWZkOS00MzVjLTk4MmYtNTcyMzdjYzQ3NWNhXkEyXkFqcGdeQXVyNzY4MDEyMDI@._V1_SX300.jpg'),
(2962353,'Pom Klementieff','https://m.media-amazon.com/images/M/MV5BMTkzNjE5MzY5M15BMl5BanBnXkFtZTgwMDI5ODMxODE@._V1_SX300.jpg'),
(2976018,'Dolly De Leon','https://m.media-amazon.com/images/M/MV5BMThlZjkyYzItYjgxNi00NzQyLTk3MzgtNWVkYmI3MTE5ZTU4XkEyXkFqcGdeQXVyNTI5NjIyMw@@._V1_SX300.jpg'),
(2999479,'Stephane Garneau-Monten','https://m.media-amazon.com/images/M/MV5BZTYwZjk4NDUtYjZlZS00NzRjLWFiNTYtMTA1MmIxZDA5YTUwXkEyXkFqcGdeQXVyNjk5OTUwOTE@._V1_SX300.jpg'),
(3009232,'Ezra Miller','https://m.media-amazon.com/images/M/MV5BOTQ2YmNlZDEtM2EwNi00N2JhLTk3ZDktMjBmNzYwYWI1OWZmXkEyXkFqcGdeQXVyNjk1MjYyNTA@._V1_SX300.jpg'),
(3034977,'Samara Weaving','https://m.media-amazon.com/images/M/MV5BMTU1Njc2NTc3OV5BMl5BanBnXkFtZTgwMzUyNjU5NDM@._V1_SX300.jpg'),
(3053338,'Margot Robbie','https://m.media-amazon.com/images/M/MV5BMTgxNDcwMzU2Nl5BMl5BanBnXkFtZTcwNDc4NzkzOQ@@._V1_SX300.jpg'),
(3078932,'Lady Gaga','https://m.media-amazon.com/images/M/MV5BMTg1NjQwMzU4MF5BMl5BanBnXkFtZTgwNTk5NjQ4NjE@._V1_SX300.jpg'),
(3100183,'Brahim Chab','https://m.media-amazon.com/images/M/MV5BNGJiOGRkOWQtZjNhZC00ZGZiLTljZDMtY2QyMWE3MGEyNDdlXkEyXkFqcGdeQXVyMTExMTc3NzU5._V1_SX300.jpg'),
(3100463,'Raymond Lee','https://m.media-amazon.com/images/M/MV5BZjkyZmFmMTktNTlmNy00NWNkLWI1ZTMtYzM4M2VkN2FmYTQzXkEyXkFqcGdeQXVyMTk3NDU2MTE@._V1_SX300.jpg'),
(3109964,'Brian Tyree Henry','https://m.media-amazon.com/images/M/MV5BMGVjNDQxNjEtYmJhMy00ZjZkLTg0YjYtYjNkOTdjZGJkYWM4XkEyXkFqcGdeQXVyMjE0NjY2NTA@._V1_SX300.jpg'),
(3123846,'Amy Usherwood','https://m.media-amazon.com/images/M/MV5BNjgyMmU1YzMtNDJhYS00ZDE0LTliZTYtMzg5MmMzOWQ5MzcyXkEyXkFqcGdeQXVyMzc0NTAxMzU@._V1_SX300.jpg'),
(3129928,'Alex Livinalli','https://m.media-amazon.com/images/M/MV5BMjdiZTQ5MjEtZWIzYS00MTQ0LThmZjctZWE4YTJhNzJkNzYxXkEyXkFqcGdeQXVyMjg5NTU4NDE@._V1_SX300.jpg'),
(3158974,'Cody Horn','https://m.media-amazon.com/images/M/MV5BMjAxOTI1Nzg1M15BMl5BanBnXkFtZTgwNTc4NjU2NDE@._V1_SX300.jpg'),
(3198781,'Ben Aldridge','https://m.media-amazon.com/images/M/MV5BOGI2ZTc0YjgtY2ZiYi00OTMyLTg4OTAtOTM1ZTFhYmE0ZjFmXkEyXkFqcGdeQXVyMTI2Nzk2MjQ1._V1_SX300.jpg'),
(3210828,'Desmin Borges','https://m.media-amazon.com/images/M/MV5BMTQxNTg2NjA0M15BMl5BanBnXkFtZTgwNzc0OTI4MjE@._V1_SX300.jpg'),
(3218692,'Madelyn Cline','https://m.media-amazon.com/images/M/MV5BMTkyYWJiYTktZDlkMC00ZmZjLWI4MjQtYmQwNzg1OGQ3NDJhXkEyXkFqcGdeQXVyMjA0MjY3MzI@._V1_SX300.jpg'),
(3231692,'Hannah Dunne','https://m.media-amazon.com/images/M/MV5BMDg5YTFjODctNjI4YS00Y2FkLWFjNjUtYmFiZTY5MzcxNzdiXkEyXkFqcGdeQXVyNDgyNzI5Mjk@._V1_SX300.jpg'),
(3234693,'Kate Easton','https://m.media-amazon.com/images/M/MV5BNGFmN2QzM2QtZjFmNS00Nzc3LTljOTEtYjE1M2NlNTY5OTc1XkEyXkFqcGdeQXVyMjA4Mjc4Mzg@._V1_SX300.jpg'),
(3236733,'Ron Funches','https://m.media-amazon.com/images/M/MV5BYzhiYzBiOTEtM2FiMC00NDA1LTlkYmMtYzM0ODk4ZDUwZGQ0XkEyXkFqcGdeQXVyMjAzODc2NTI@._V1_SX300.jpg'),
(3254274,'Manny Jacinto','https://m.media-amazon.com/images/M/MV5BNWFmYmI1NTctY2NmYy00ZmNjLWIyOGQtMmY5ZjlmNTgxNGUxXkEyXkFqcGdeQXVyNDE1MjM3MTk@._V1_SX300.jpg'),
(3264596,'Kid Cudi','https://m.media-amazon.com/images/M/MV5BMTY1MjkzNzc5MV5BMl5BanBnXkFtZTgwNzU5NzkwNDM@._V1_SX300.jpg'),
(3278700,'Celia Rowlson-Hall','https://m.media-amazon.com/images/M/MV5BMTc1MTkwNDYzM15BMl5BanBnXkFtZTgwMDM2ODA0MzI@._V1_SX300.jpg'),
(3303059,'Tallie Medel','https://m.media-amazon.com/images/M/MV5BZThjZTU3MzItMzc1NC00ZWViLTlmZmYtNzg4ODVkMTMxOWJlXkEyXkFqcGdeQXVyMzMxODM5OTU@._V1_SX300.jpg'),
(3312826,'Caitlin Gerard','https://m.media-amazon.com/images/M/MV5BYjU2MDMzNzktMWMzMS00NWVlLWE4YTktNWMyNzNiMzUxNDkyXkEyXkFqcGdeQXVyMjg4MjYyNjU@._V1_SX300.jpg'),
(3338805,'Owen Campbell','https://m.media-amazon.com/images/M/MV5BNmY3ZTY5OGQtNjYyMS00YjAxLTllNWUtMjljNDdkNTg3MTk2XkEyXkFqcGdeQXVyMjQwMDg0Ng@@._V1_SX300.jpg'),
(3417385,'Rachel Bloom','https://m.media-amazon.com/images/M/MV5BNDU5NTQ1OTQyMF5BMl5BanBnXkFtZTgwMDM0MDcwMTI@._V1_SX300.jpg'),
(3476317,'Cutty Cuthbert','https://m.media-amazon.com/images/M/MV5BODUyMzI3OWYtNWI5YS00ODZhLTk3MDMtMzQxODQ1MjEwODc2XkEyXkFqcGdeQXVyMjEyNzAyOTM@._V1_SX300.jpg'),
(3477129,'Albrecht Schuch','https://m.media-amazon.com/images/M/MV5BMjkzNDg3ZTYtZTNiZS00ZWRlLWJhMjctNDRmN2UwODE5MDZmXkEyXkFqcGdeQXVyNTE4MTc5NzQ@._V1_SX300.jpg'),
(3485845,'Adam Driver','https://m.media-amazon.com/images/M/MV5BYThiYmU0ODAtNjZkMC00OTBiLWE5NzgtMDY3YjMwYTg5NWJjXkEyXkFqcGdeQXVyMTUwOTY2MDYx._V1_SX300.jpg'),
(3513533,'Stephanie Hsu','https://m.media-amazon.com/images/M/MV5BNmMxMjI0ZGItYThmMi00YTM0LTg5M2QtNTQxOTdmM2I5NDg3XkEyXkFqcGdeQXVyNTU0MjY5MjE@._V1_SX300.jpg'),
(3520506,'Alex Mallari Jr.','https://m.media-amazon.com/images/M/MV5BNTgxNjBhOWYtZjBhMS00NzhiLTg0OTQtNDdkYTg1ZWEzZjBmXkEyXkFqcGdeQXVyMjAxNTE1NTk@._V1_SX300.jpg'),
(3564817,'Phoebe Waller-Bridge','https://m.media-amazon.com/images/M/MV5BMjQxNzYxODg4NF5BMl5BanBnXkFtZTgwNzE1NzYzMjI@._V1_SX300.jpg'),
(3571325,'Billy Vargus','https://m.media-amazon.com/images/M/MV5BNzc0ZGJjYWQtYzk4ZS00ZjNhLWI0MjktM2ZkNTI1YmY1ZWRkXkEyXkFqcGdeQXVyMjA3Nzk1MzM@._V1_SX300.jpg'),
(3594330,'Arturo Castro','https://m.media-amazon.com/images/M/MV5BMTMwNGU2ZjQtN2EyZS00ZjIzLTgwZjctNjExM2ZlYzZkODQxXkEyXkFqcGdeQXVyMjQwMDg0Ng@@._V1_SX300.jpg'),
(3600973,'Max Laferriere','https://m.media-amazon.com/images/M/MV5BZjU2MDg5NGMtY2ZiNi00OGFmLThmMTItOWExMjdlMGUwYzc2XkEyXkFqcGdeQXVyMjQwMDg0Ng@@._V1_SX300.jpg'),
(3639013,'D\'Arcy Carden','https://m.media-amazon.com/images/M/MV5BNTczMDQxMDAtZjIwNC00YjY0LWFjZDQtZjYzMjlkMmFlZWExXkEyXkFqcGdeQXVyMjY2MDM4NjY@._V1_SX300.jpg'),
(3660262,'J.C. Currais','https://m.media-amazon.com/images/M/MV5BMGIxYTM3M2QtYTQyMi00ODJjLThiMjUtODYxMDYwZDJkNDZlXkEyXkFqcGdeQXVyNTI5NjIyMw@@._V1_SX300.jpg'),
(3674244,'Adam Boncz','https://m.media-amazon.com/images/M/MV5BMDk4MmFmZTYtN2JkNy00NTQ2LTkzZTAtNDBmYWMxOTRiNGZjXkEyXkFqcGdeQXVyMjQwMDg0Ng@@._V1_SX300.jpg'),
(3689362,'Erick Hayden','https://m.media-amazon.com/images/M/MV5BNDVlZDU3OTItM2YwYy00ZjA1LWIzOGMtYWM5MTE4NmFkOTE3XkEyXkFqcGdeQXVyMjQwMDg0Ng@@._V1_SX300.jpg'),
(3689528,'Olivier Richters','https://m.media-amazon.com/images/M/MV5BMTdjZmJkYWItZjc5NC00NTg4LTliMjEtMzBkY2ExZGU3NTU5XkEyXkFqcGdeQXVyMjk1NjUwMTY@._V1_SX300.jpg'),
(3698863,'Durassie Kiangangu','https://m.media-amazon.com/images/M/MV5BYjRlM2Q3NTMtNTkzYy00YjQ0LTk5NWMtNzk5MTZmZmU3ZjEwXkEyXkFqcGdeQXVyMzY1MTE5NDc@._V1_SX300.jpg'),
(3703126,'Christopher Bencomo','https://m.media-amazon.com/images/M/MV5BNmRlZmNkZjAtMGVmMy00NGNjLThkYmYtOTU4MTNjMDEzNzJhXkEyXkFqcGdeQXVyNTkxMDE0NDM@._V1_SX300.jpg'),
(3718007,'Jonathan Majors','https://m.media-amazon.com/images/M/MV5BYTQ0ZDkzZmYtYzAzZC00YTUwLWJhZmEtZGRjZTQyYWUwYWI0XkEyXkFqcGdeQXVyMjU2Nzg3NzM@._V1_SX300.jpg'),
(3722874,'Rose Luardo','https://imdb-api.com/images/original/nopicture.jpg'),
(3725055,'Jessica Henwick','https://m.media-amazon.com/images/M/MV5BMjE3MzU5NDc0Nl5BMl5BanBnXkFtZTgwNDMzNjE1NzE@._V1_SX300.jpg'),
(3769182,'John Higgins','https://m.media-amazon.com/images/M/MV5BMmY5ZjFjYjctNjIwMi00Yjg4LWI4OTgtMjVhZmM1MGVhOGU4XkEyXkFqcGdeQXVyMTExNzQzMDE0._V1_SX300.jpg'),
(3769549,'Isaura Barbé-Brown','https://m.media-amazon.com/images/M/MV5BNzU2MGU3ZTctZTc3Yi00MzhlLTg4ODUtYTRlZGU2YWZiMWY5XkEyXkFqcGdeQXVyMTMyNzYyMDI0._V1_SX300.jpg'),
(3791148,'Bailey Bass','https://m.media-amazon.com/images/M/MV5BZmQ5MjI2YWEtMTAxYS00NGQ1LWJkYzUtN2I3MDE5Y2E2MWMzXkEyXkFqcGdeQXVyODA4MTc3NDU@._V1_SX300.jpg'),
(3811636,'Thomas Cadrot','https://m.media-amazon.com/images/M/MV5BOWJjZWU4YzAtNDJmYS00ZTRmLWFkODQtYmE5OGZiZjhkMTZjXkEyXkFqcGdeQXVyMjIwNzMzODY@._V1_SX300.jpg'),
(3856316,'Zoe Chao','https://m.media-amazon.com/images/M/MV5BNjQ1YzE4YzctOTU1Ni00MGY2LThiMDktOGJjN2E1YjFhNDg2XkEyXkFqcGdeQXVyMjQwMDg0Ng@@._V1_SX300.jpg'),
(3864163,'Raffey Cassidy','https://m.media-amazon.com/images/M/MV5BYzc2N2I4M2QtNTg5Zi00N2MyLWJhM2ItZjdhN2U1ZjFkN2IxXkEyXkFqcGdeQXVyMTU4MzQ3NDA@._V1_SX300.jpg'),
(3875456,'Shamier Anderson','https://m.media-amazon.com/images/M/MV5BNGQ0ZWE3MDktMjVhOS00MTgyLTgzZDYtNmUwZTM2YmQ2NTU0XkEyXkFqcGdeQXVyMzU2MTUxMDM@._V1_SX300.jpg'),
(3886586,'Diego Calva','https://m.media-amazon.com/images/M/MV5BMmE2ODE0MGMtNWNmZi00MTIxLWIzM2UtODBjNWNjYjAzMmY5XkEyXkFqcGdeQXVyMzcwODk1NDA@._V1_SX300.jpg'),
(3901455,'Mariana Treviño','https://m.media-amazon.com/images/M/MV5BZDNiYzdmOTQtMjk0OS00YmMzLWFhZDUtZDIxNzZkMWQ5NTI1XkEyXkFqcGdeQXVyNDk1OTgyOTk@._V1_SX300.jpg'),
(3931538,'Sam Richardson','https://m.media-amazon.com/images/M/MV5BYjczMmViNzQtZTgwMy00MzYxLWE1MWQtZjc4ZGI4MDI2NzE0XkEyXkFqcGdeQXVyMzEyNzUwNTc@._V1_SX300.jpg'),
(3937518,'Jamie Andrew Cutler','https://m.media-amazon.com/images/M/MV5BNjQ1OTM5MTk0MV5BMl5BanBnXkFtZTgwMzQ0OTQxODE@._V1_SX300.jpg'),
(3948190,'Michaela Coel','https://m.media-amazon.com/images/M/MV5BMmI4YzMzZjYtNDRhNS00OWY0LWE2OTMtMDQ5YTQyYTM0ZWQ2XkEyXkFqcGdeQXVyMDM2NDM2MQ@@._V1_SX300.jpg'),
(3948952,'Vanessa Kirby','https://m.media-amazon.com/images/M/MV5BYzUzNjkwMjMtODRiNi00ZTliLWE3Y2ItMDJmZmFmNjg1YTMyXkEyXkFqcGdeQXVyMjQwMDg0Ng@@._V1_SX300.jpg'),
(3967058,'Pancho Cardena','https://m.media-amazon.com/images/M/MV5BMDMyYmIyNGQtYjliMS00ZDZhLWIwYjQtYjgzNjM1ODg1ZWViXkEyXkFqcGdeQXVyODM3NzQzMzQ@._V1_SX300.jpg'),
(4004793,'Letitia Wright','https://m.media-amazon.com/images/M/MV5BMjIyMzgxMzc5N15BMl5BanBnXkFtZTgwNDg3NzYzMDI@._V1_SX300.jpg'),
(4010671,'Andrew Koji','https://m.media-amazon.com/images/M/MV5BYTBiYzY4M2ItOTRkMC00ZGExLWEzMzYtNjJhZTE0Y2VkMTE4XkEyXkFqcGdeQXVyOTQwMDU1MQ@@._V1_SX300.jpg'),
(4016192,'Sarah Alami','https://m.media-amazon.com/images/M/MV5BYzFhYWNkMTktMDI5Zi00NGQwLTg2YzQtYjg3ZmQ2NTJlODEzXkEyXkFqcGdeQXVyMjIzMjE4OTM@._V1_SX300.jpg'),
(4129745,'Allison Williams','https://m.media-amazon.com/images/M/MV5BNjkwZTZjZjItNTNiNy00MGUxLWEzYWYtYmUxNjE0NWVhYWFlXkEyXkFqcGdeQXVyNjg2NzQzMDE@._V1_SX300.jpg'),
(4142492,'Hannah Hoekstra','https://m.media-amazon.com/images/M/MV5BNDMzODM5NjYwNF5BMl5BanBnXkFtZTgwNDM5MTQ0NDE@._V1_SX300.jpg'),
(4161838,'Betsy Sodaro','https://m.media-amazon.com/images/M/MV5BMjE1OTUzNDg5N15BMl5BanBnXkFtZTcwOTA3NTIyOA@@._V1_SX300.jpg'),
(4169922,'Kiersey Clemons','https://m.media-amazon.com/images/M/MV5BNThiZmVjNGYtNzc4OS00MWVhLWEyMzEtY2EwMTczNzgxZDU3XkEyXkFqcGdeQXVyMTAwODc0ODA2._V1_SX300.jpg'),
(4192447,'Tom White','https://m.media-amazon.com/images/M/MV5BMjY4NjlmMjYtNTYwYi00NDM5LWIzNjEtNWIwNzc5Y2I4M2ZlXkEyXkFqcGdeQXVyMjQwMDg0Ng@@._V1_SX300.jpg'),
(4227700,'Gabrielle Bourne','https://m.media-amazon.com/images/M/MV5BOTY1NDA4MDUtNjJiYi00ZGI0LThlZDgtOTYxZTA5ZTJlMzY4XkEyXkFqcGdeQXVyMzMzNzU4NTM@._V1_SX300.jpg'),
(4250814,'Narayana Cabral','https://m.media-amazon.com/images/M/MV5BOWM4YWY5NDQtOGNlYi00N2I2LWI4MTgtNDEwZmZhNjBkNjhhXkEyXkFqcGdeQXVyNDkyNDAxMTk@._V1_SX300.jpg'),
(4277617,'Bryony Skillington','https://imdb-api.com/images/original/nopicture.jpg'),
(4313823,'Rene Gube','https://m.media-amazon.com/images/M/MV5BMTk2OTcxMDk3MF5BMl5BanBnXkFtZTgwNTA0MjQxMTE@._V1_SX300.jpg'),
(4374524,'Noémie Merlant','https://m.media-amazon.com/images/M/MV5BMTEzNDg5MzE0ODdeQTJeQWpwZ15BbWU4MDk5OTI3NjQx._V1_SX300.jpg'),
(4377526,'Daveed Diggs','https://m.media-amazon.com/images/M/MV5BMTY5NzA2ODI1MV5BMl5BanBnXkFtZTgwMzg1OTg4ODE@._V1_SX300.jpg'),
(4422686,'Barry Keoghan','https://m.media-amazon.com/images/M/MV5BMTcyNzEzMjY4NV5BMl5BanBnXkFtZTgwOTMzOTA5MjI@._V1_SX300.jpg'),
(4427331,'Daniella Pineda','https://m.media-amazon.com/images/M/MV5BZGNhYTBlYzYtYWE1My00OWFlLThjZWItOTgxMDRiOTc3YTg0XkEyXkFqcGdeQXVyMjI3NjE3MzI@._V1_SX300.jpg'),
(4456120,'Elizabeth Debicki','https://m.media-amazon.com/images/M/MV5BMWRiNzczYzMtOGE1Yi00Njg0LWFkNTUtYzE3NmVkZDZkMjg5XkEyXkFqcGdeQXVyMjQwMDg0Ng@@._V1_SX300.jpg'),
(4456672,'Nico Santos','https://m.media-amazon.com/images/M/MV5BMjJiMmU0NDAtOWU5Yy00MzQzLWFlNTUtNWY0MjY1NDU0ODI3XkEyXkFqcGdeQXVyNTk0MzE1MjM@._V1_SX300.jpg'),
(4478685,'Samson Kayo','https://m.media-amazon.com/images/M/MV5BNmQ5YzNjODgtY2JiYS00OTliLWI2NmYtODU2OTIzYmI2NWM5XkEyXkFqcGdeQXVyNTQ1NzEzMDc@._V1_SX300.jpg'),
(4488355,'Peter Lawson Jones','https://m.media-amazon.com/images/M/MV5BZmM5ZGQzM2MtMzkwOS00ZGY0LTliZGItYzA0ZDMyMDQyZjNiXkEyXkFqcGdeQXVyMjQ4NTEzMDE@._V1_SX300.jpg'),
(4497202,'Jimmy O. Yang','https://m.media-amazon.com/images/M/MV5BNTgyM2E1N2MtNWE0Mi00NmZkLWJiOTgtNmJmZDViZmViNGE1XkEyXkFqcGdeQXVyOTk0OTU2MDE@._V1_SX300.jpg'),
(4528025,'Charlbi Dean','https://m.media-amazon.com/images/M/MV5BMTgxNzc2MDY5MF5BMl5BanBnXkFtZTgwMTQyODgwNjE@._V1_SX300.jpg'),
(4528152,'Michael Pitthan','https://m.media-amazon.com/images/M/MV5BZjAxZTJlMTAtODQyYy00YTY0LTg5YWUtYWMxMjhiNDI1OWZjXkEyXkFqcGdeQXVyNTYxNTMzMzM@._V1_SX300.jpg'),
(4549964,'Avery Bigelow','https://m.media-amazon.com/images/M/MV5BYzgzMjI3ZGYtMTZiNC00NzZlLWE4NjEtNGU4YTYzYjU0Nzk2XkEyXkFqcGdeQXVyMjI4Nzg4MDM@._V1_SX300.jpg'),
(4569790,'Egon Brandstetter','https://imdb-api.com/images/original/nopicture.jpg'),
(4574440,'Melissa Barrera','https://m.media-amazon.com/images/M/MV5BNjg4OTgxMTctZDI0MC00ODY4LWEzNmItZjAwNjQ0NGQ1NDQxXkEyXkFqcGdeQXVyNzYyMTMyODk@._V1_SX300.jpg'),
(4576371,'Sunita Mani','https://m.media-amazon.com/images/M/MV5BMjJkOWZjNGYtODBjOS00ZmY2LWE0MmMtMzAwM2IyY2FkYjI5XkEyXkFqcGdeQXVyMjU1MjI1OTU@._V1_SX300.jpg'),
(4625502,'Oakes Fegley','https://m.media-amazon.com/images/M/MV5BZWI5YjRhZWYtNmM5YS00NmIyLWJlNjMtZDcwMzU1MTdmODgxXkEyXkFqcGdeQXVyMzU5NTUyODE@._V1_SX300.jpg'),
(4680793,'Rina Sawayama','https://m.media-amazon.com/images/M/MV5BNjZkNWQxMTktMmI1OC00MTNhLWJjMDEtNTI4OGQ3MGJhMTkyXkEyXkFqcGdeQXVyMzQ0NTk5NzU@._V1_SX300.jpg'),
(4683764,'Patrice Harris','https://imdb-api.com/images/original/nopicture.jpg'),
(4685768,'Renee Lyons','https://imdb-api.com/images/original/nopicture.jpg'),
(4737604,'Duane Evans Jr.','https://m.media-amazon.com/images/M/MV5BODBlZTE4Y2EtNzgxNi00OTY5LTkwOGQtY2E3ZjkwOWJhMjcxXkEyXkFqcGdeQXVyMTMxOTQ0OTQ@._V1_SX300.jpg'),
(4749446,'Otis Winston','https://m.media-amazon.com/images/M/MV5BYTMyY2EyN2YtYjU1NS00YWE4LTllYzctODI5ZWUxZDE3MWM0XkEyXkFqcGdeQXVyMjg4ODYwODU@._V1_SX300.jpg'),
(4755965,'McKenna Kerrigan','https://m.media-amazon.com/images/M/MV5BZDFkZDY1NjMtNzkzMC00ODBkLTk5Y2YtNTQ0ZGVkZTE4ZjJhXkEyXkFqcGdeQXVyMzI2MjcwMTU@._V1_SX300.jpg'),
(4788769,'Bregje Heinen','https://m.media-amazon.com/images/M/MV5BMmZmOWIyMjUtZjNjOC00MjFhLTgxOTUtZTJjM2E3MGJhOTdhXkEyXkFqcGdeQXVyNjAzMjkwNjM@._V1_SX300.jpg'),
(4797550,'Mark Haldor','https://m.media-amazon.com/images/M/MV5BMjJiZWUyMTUtM2RhMS00YWVmLTg0YmUtYzczZmI2ZTU4MzIwXkEyXkFqcGdeQXVyMjQwMDg0Ng@@._V1_SX300.jpg'),
(4803105,'Andre Anthony','https://m.media-amazon.com/images/M/MV5BNWYwZTIzYjAtYzc0MC00ZmM1LWJmNjYtZTFiY2YzZDdjN2Q1XkEyXkFqcGdeQXVyMzIxMjkyNTA@._V1_SX300.jpg'),
(4834815,'Monica Barbaro','https://m.media-amazon.com/images/M/MV5BNjUwNzU5ZDktMDAzMy00NjExLWEwMzgtY2MxNjM2MTM0ODczXkEyXkFqcGdeQXVyMTI2Nzk2ODk3._V1_SX300.jpg'),
(4852033,'Ayden Mayeri','https://m.media-amazon.com/images/M/MV5BZDU5NDZjNmYtYTk3Yi00MTk5LWJiNWItMGVlMjViMGZiMTY0XkEyXkFqcGdeQXVyMjc5Mzc3MjI@._V1_SX300.jpg'),
(4876317,'Katalin Lábán','https://m.media-amazon.com/images/M/MV5BODQ4NzgzODg3OF5BMl5BanBnXkFtZTcwMDQzMzgxOQ@@._V1_SX300.jpg'),
(4880301,'Jessica Green','https://m.media-amazon.com/images/M/MV5BNTg5OTZlYjgtZDE2ZC00MmI3LWI5MmMtN2E3MGIxY2ZjMDAyXkEyXkFqcGdeQXVyMzI5NDMyMTE@._V1_SX300.jpg'),
(4904976,'Peter Sipla','https://m.media-amazon.com/images/M/MV5BY2ZkNWZkMTAtZjYwMC00NjFmLTgyOGYtZWFkMDU5MmQ3OTNjXkEyXkFqcGdeQXVyMzE5Njc0ODQ@._V1_SX300.jpg'),
(4911194,'Jenna Ortega','https://m.media-amazon.com/images/M/MV5BNmQ1MDJhYmUtNTJhYS00Njk2LTgyMmEtYmNhM2JiZGMwMTc0XkEyXkFqcGdeQXVyMzQwODQxNTU@._V1_SX300.jpg'),
(4917623,'Jake Picking','https://m.media-amazon.com/images/M/MV5BZjg2YmE5MzEtZmRiMC00NWU4LWJlODEtNzJhOTU5MzU0NDgwXkEyXkFqcGdeQXVyMjk3MTE2OTc@._V1_SX300.jpg'),
(4927508,'Travis Bennett','https://m.media-amazon.com/images/M/MV5BOTFlN2JlODItYzAxMi00ZTE4LWE2NzYtOWM3MTIxZDgyOWU2XkEyXkFqcGdeQXVyMTExNzQ3MzAw._V1_SX300.jpg'),
(5007768,'Da\'Vine Joy Randolph','https://m.media-amazon.com/images/M/MV5BMTk0NTQ1ODcwNV5BMl5BanBnXkFtZTcwOTE0MjUyOQ@@._V1_SX300.jpg'),
(5015107,'Jacob Lofland','https://m.media-amazon.com/images/M/MV5BMTgyMDYwODcxOV5BMl5BanBnXkFtZTgwMzIxNjY4MDI@._V1_SX300.jpg'),
(5016878,'Jacob Tremblay','https://m.media-amazon.com/images/M/MV5BYjQ2MDJhY2YtN2VkNy00MTY0LTk3MDItNjkwZjVhYjliMjliXkEyXkFqcGdeQXVyMzM0MDI2MTE@._V1_SX300.jpg'),
(5023953,'Giullian Yao Gioiello','https://m.media-amazon.com/images/M/MV5BYzk1MzhlYzEtNjU5Zi00MDQyLTg2MDktOTliYmYxZjIwYTlkXkEyXkFqcGdeQXVyMTA1Nzk3MjQ@._V1_SX300.jpg'),
(5028461,'Paula Coiz','https://m.media-amazon.com/images/M/MV5BMGI1MjYyNjUtZTFhZi00ZDExLTkxOGYtOWNiYTk3NTQ5NGMzXkEyXkFqcGdeQXVyNjUwNDY1OTI@._V1_SX300.jpg'),
(5043859,'Rachel Keller','https://m.media-amazon.com/images/M/MV5BY2NhNjg4NWQtNGQxNi00OTU1LTkxZjMtNGU4MGNmZTlhN2Q4XkEyXkFqcGdeQXVyNTI4NzU3MjM@._V1_SX300.jpg'),
(5049771,'Kat Murphy','https://m.media-amazon.com/images/M/MV5BODFkMmVjYWMtMjBlYS00Njc3LTkxY2YtZjQ3MDk0NWM0OTAwXkEyXkFqcGdeQXVyNjA1MTU2Mjg@._V1_SX300.jpg'),
(5109714,'Asher Wallis','https://imdb-api.com/images/original/nopicture.jpg'),
(5122748,'Mark Weinman','https://imdb-api.com/images/original/nopicture.jpg'),
(5130799,'Rudy Mancuso','https://m.media-amazon.com/images/M/MV5BMzc0ZTg0OTItOTM1OC00ZjNlLWJmMzgtYTI2ZjdjMmY0MWFhXkEyXkFqcGdeQXVyMzM0MTg5NTc@._V1_SX300.jpg'),
(5147838,'Andy Le','https://m.media-amazon.com/images/M/MV5BNTIwMDVlY2UtN2JjOC00YzdiLWFhNDMtZDM3Yjc4OWE3ZGIwXkEyXkFqcGdeQXVyMjQwMDg0Ng@@._V1_SX300.jpg'),
(5224485,'Max Pavel','https://m.media-amazon.com/images/M/MV5BNGVlZmU1NjgtOTUxYy00ZjI1LTlhZWItY2QxM2QzYmY4MTI3XkEyXkFqcGdeQXVyMjUzOTA3Njk@._V1_SX300.jpg'),
(5256788,'Yoson An','https://m.media-amazon.com/images/M/MV5BNmI4ZTkxY2ItMTQ0ZC00NzdkLTg4ZjYtMzUyNGU5MzI1N2MxXkEyXkFqcGdeQXVyMzM5MjkzNDI@._V1_SX300.jpg'),
(5260295,'Brian Le','https://m.media-amazon.com/images/M/MV5BOWI4ZThlNGYtYmI1MS00NDhjLTk3OWEtZjkwZjI1YmM2YjczXkEyXkFqcGdeQXVyMjMzOTQwMzc@._V1_SX300.jpg'),
(5301405,'Mia Goth','https://m.media-amazon.com/images/M/MV5BMTcwNDkyNjI1M15BMl5BanBnXkFtZTgwMDY2OTk0NzM@._V1_SX300.jpg'),
(5307044,'Ronny Chieng','https://m.media-amazon.com/images/M/MV5BMDFmMGZjMGQtYTMzMy00YWU4LTg2YjUtNzM1NjhiZWEyOTgwXkEyXkFqcGdeQXVyMzg4NzIxMA@@._V1_SX300.jpg'),
(5320755,'Brennan Keel Cook','https://m.media-amazon.com/images/M/MV5BMmYwNTkzOWUtNzZjMC00MjE0LWE5ODUtZGE4ODUxMmM1NTI4XkEyXkFqcGdeQXVyMzcwNTA0OTM@._V1_SX300.jpg'),
(5330651,'Hannah Barefoot','https://m.media-amazon.com/images/M/MV5BOWEwMzE5MDktMmVhNC00MWIxLThkN2EtNjRkZWI3NDc2ODNlXkEyXkFqcGdeQXVyMzY3Njc4OTk@._V1_SX300.jpg'),
(5362984,'Abby Quinn','https://m.media-amazon.com/images/M/MV5BNGQ5MzRkYjQtMDhlYy00MzgwLWJhZTktZDAwNWI5OTc0YmQwXkEyXkFqcGdeQXVyNDEzOTgzMjY@._V1_SX300.jpg'),
(5363341,'Harry Lawtey','https://m.media-amazon.com/images/M/MV5BYmFhZjk4MjgtZGZhMS00ZjUwLWJhYTEtZmY4YjhkZjYxN2Y4XkEyXkFqcGdeQXVyMTE1MTYxNDAw._V1_SX300.jpg'),
(5366148,'Kahyun Kim','https://m.media-amazon.com/images/M/MV5BMjE5ODMxODc2Nl5BMl5BanBnXkFtZTgwNjk5MTYzOTE@._V1_SX300.jpg'),
(5377144,'Awkwafina','https://m.media-amazon.com/images/M/MV5BMTU0NTUwNjkyN15BMl5BanBnXkFtZTgwMjM0NzEzMTI@._V1_SX300.jpg'),
(5380217,'Ethan Lawrence','https://m.media-amazon.com/images/M/MV5BZGFhMGQ0YjYtYTRlYi00ZjJlLThlZGUtODI2NWQ2MzA0N2ZkXkEyXkFqcGdeQXVyMjQwMDg0Ng@@._V1_SX300.jpg'),
(5381254,'Jovan Adepo','https://m.media-amazon.com/images/M/MV5BMTExMDc4ODUzMDleQTJeQWpwZ15BbWU4MDUzNjY5MzYz._V1_SX300.jpg'),
(5450413,'Gabriel LaBelle','https://m.media-amazon.com/images/M/MV5BZGMzNWYwN2UtNDNjNy00ZmNlLTg0MTEtMDA3YWFkYTYyMTMyXkEyXkFqcGdeQXVyOTc1ODg4ODk@._V1_SX300.jpg'),
(5506401,'Jasmin Savoy Brown','https://m.media-amazon.com/images/M/MV5BMmEzOGE1OTItNjVmMy00YTA2LWI3ZTgtN2VjOWNmNjE5NjlhXkEyXkFqcGdeQXVyOTM5NzgwOTA@._V1_SX300.jpg'),
(5517526,'Sydney Lemmon','https://m.media-amazon.com/images/M/MV5BYzZlZWVlMDctZDZiOS00YzU2LTgwMGMtOGQxNmNjY2Q4YTU1XkEyXkFqcGdeQXVyNDU5MDAyOTQ@._V1_SX300.jpg'),
(5544981,'Worapojd Thautanon','https://imdb-api.com/images/original/nopicture.jpg'),
(5555747,'Callie Hernandez','https://m.media-amazon.com/images/M/MV5BYzQyOWE4NTgtNDllYS00ZWM0LTk4ODAtZTNiYWE5MzJiZTJjXkEyXkFqcGdeQXVyNDE1MjI5NTY@._V1_SX300.jpg'),
(5557379,'Chloe East','https://m.media-amazon.com/images/M/MV5BNjBkNmEwNzQtZjEwNC00NWMxLWI3OWMtNmUxYjU1YzRjOWJiXkEyXkFqcGdeQXVyMTk2MDI4NTg@._V1_SX300.jpg'),
(5564735,'Rachel Handshaw','https://m.media-amazon.com/images/M/MV5BYTk1ZmQ4NzgtOWVlNi00ZjlhLWExMTktMDYzYjViZmUyYTg0XkEyXkFqcGdeQXVyMTIxOTUyOTI@._V1_SX300.jpg'),
(5584750,'Sadie Sink','https://m.media-amazon.com/images/M/MV5BYTUwZDRmNWUtMDUxMS00NTY1LWJjYTAtNjgyNTllNzZjMDFlXkEyXkFqcGdeQXVyMTkxNjUyNQ@@._V1_SX300.jpg'),
(5607314,'Gillian Broderick','https://m.media-amazon.com/images/M/MV5BODU5M2MzYTQtOTk3NS00YmYzLTg3ZDAtOWU3YjgyOTVhMDk4XkEyXkFqcGdeQXVyNDI1MDk5NzI@._V1_SX300.jpg'),
(5607823,'Jack Champion','https://m.media-amazon.com/images/M/MV5BNGFiNjM2YzItMDJlNC00ODc4LTk2NTMtZDA1YmIwMGNiNmE1XkEyXkFqcGdeQXVyNTU3ODc2ODU@._V1_SX300.jpg'),
(5628728,'Zen McGrath','https://m.media-amazon.com/images/M/MV5BMDI2YjUxYTgtZTMyMi00MDI2LTljNWEtMTlkMDc5MDEzODI1XkEyXkFqcGdeQXVyMjIyMTY4ODE@._V1_SX300.jpg'),
(5668548,'Chloe Coleman','https://m.media-amazon.com/images/M/MV5BMmVlMTZhZjUtMjk1OC00Yzg5LTk4MDctNDM4Y2ViNzI2ZTc2XkEyXkFqcGdeQXVyODcwNjc1OA@@._V1_SX300.jpg'),
(5695462,'Leon Masuda','https://m.media-amazon.com/images/M/MV5BYmEyM2QyMTktMzgyZC00MDU2LWJmZWUtMGYwYWZmMjMzYmU0XkEyXkFqcGdeQXVyNjk5NDIxODE@._V1_SX300.jpg'),
(5701972,'Adam Aalderks','https://m.media-amazon.com/images/M/MV5BNGQ3NTFhODUtZTkzZS00ZTg0LWI5ODQtNGQ2MTkwYWI5ZmY0XkEyXkFqcGdeQXVyNDMyMTAwNjQ@._V1_SX300.jpg'),
(5730649,'Lewis Pullman','https://m.media-amazon.com/images/M/MV5BYzk1ZTllMDEtMGI0Yy00NmU5LTk2N2ItZWUyOTYzNjQyMGY2XkEyXkFqcGdeQXVyNzA0MTIyNjQ@._V1_SX300.jpg'),
(5744645,'Mark St. Cyr','https://m.media-amazon.com/images/M/MV5BN2I1NGRiYzYtMzZkYS00ZjgxLWFlOWYtODQzMGM0YWQwOWJhXkEyXkFqcGdeQXVyNDA3MjIzMTk@._V1_SX300.jpg'),
(5802160,'Kerry Flanagan','https://imdb-api.com/images/original/nopicture.jpg'),
(5803981,'Alex Moffat','https://m.media-amazon.com/images/M/MV5BNmQwNzQ2OWItMWQxYS00OTdiLThkNmUtNjJjZGQ1ODBiY2ZiXkEyXkFqcGdeQXVyNTI5NjIyMw@@._V1_SX300.jpg'),
(5828189,'Steven Maier','https://m.media-amazon.com/images/M/MV5BOTBlNTk3NmMtZWU1OC00OTc2LThhYmEtYjMyNjExNDVkZTdmXkEyXkFqcGdeQXVyNjkzODg2NjQ@._V1_SX300.jpg'),
(5866359,'Cameron Britton','https://m.media-amazon.com/images/M/MV5BZjMyMTMxZjUtNjUxOC00ZDMzLWJlNzctMTUyYmJjZjBhZDY4XkEyXkFqcGdeQXVyNjk1MjYyNTA@._V1_SX300.jpg'),
(5870099,'Mabel Cadena','https://m.media-amazon.com/images/M/MV5BNTYwYWI2N2YtMTI5MS00NWE2LTk4ZGEtNzJhYjFkYWFmNzgyXkEyXkFqcGdeQXVyMjA0MDAwNDY@._V1_SX300.jpg'),
(5895689,'Evan Dane Taylor','https://m.media-amazon.com/images/M/MV5BNGE0YzZiZDAtOGI5NS00YTQxLTk5NjUtZmM4YzFhZmI5NzYyXkEyXkFqcGdeQXVyNDYwNzI3MTY@._V1_SX300.jpg'),
(5896355,'Anya Taylor-Joy','https://m.media-amazon.com/images/M/MV5BMTllYmE5YTYtZGZmYy00ZTBlLWJlODEtYWQ0ZmU1YTJkMjJlXkEyXkFqcGdeQXVyNzI1NzMxNzM@._V1_SX300.jpg'),
(5939164,'Zazie Beetz','https://m.media-amazon.com/images/M/MV5BNGQwOTQzYjQtZjlmYi00MWYwLTg0YzEtOTlhYmYzNDcyMDM4XkEyXkFqcGdeQXVyMjQwMDg0Ng@@._V1_SX300.jpg'),
(5999355,'Jonah Hauer-King','https://m.media-amazon.com/images/M/MV5BZjdhNzg5ZjYtY2M1Mi00OTk1LWFhNDQtOWJjNGU1Nzg2MGIzXkEyXkFqcGdeQXVyMDM2NDM2MQ@@._V1_SX300.jpg'),
(6037256,'Aaron Hilmer','https://imdb-api.com/images/original/nopicture.jpg'),
(6067524,'Devyn Nekoda','https://m.media-amazon.com/images/M/MV5BYjk2Mzk3OGYtZmNiMy00M2E3LTk2OWMtYTZkNjg1NWVmOWUxXkEyXkFqcGdeQXVyMjQwMDg0Ng@@._V1_SX300.jpg'),
(6073955,'Florence Pugh','https://m.media-amazon.com/images/M/MV5BOGM4ZGI5MTMtMTRkZC00MmM0LThmZTItNzNkZjM2MTg3N2U1XkEyXkFqcGdeQXVyNTQ1OTQ0OTA@._V1_SX300.jpg'),
(6077587,'Anton von Lucke','https://m.media-amazon.com/images/M/MV5BNDMxNjRlODItY2NlNi00NTU5LTg3MWQtZjdjZDExMzFhYjM2XkEyXkFqcGdeQXVyNDc5NDAxOA@@._V1_SX300.jpg'),
(6087267,'Alea Figueroa','https://m.media-amazon.com/images/M/MV5BY2QxZjFmNmMtMDczMi00ZDU0LTlmMmMtYzQ0Y2MxOGIwMzQwXkEyXkFqcGdeQXVyNTg3MzgzMzA@._V1_SX300.jpg'),
(6125645,'Samson Chan-Boon','https://imdb-api.com/images/original/nopicture.jpg'),
(6126885,'Tanner Swagger','https://m.media-amazon.com/images/M/MV5BMTQ1OWU2MmUtMzBkMi00NGNiLThkMDgtZWYyZWNjYTYwMTg1XkEyXkFqcGdeQXVyMTExNDc2ODg1._V1_SX300.jpg'),
(6139334,'Kayleigh Coleman','https://m.media-amazon.com/images/M/MV5BMTVhYWFkNmUtZjMwNi00ZWEyLTgxYWYtMGFlZWI5Mjg1M2MwXkEyXkFqcGdeQXVyMjQwMDg0Ng@@._V1_SX300.jpg'),
(6145629,'Kelly Gale','https://m.media-amazon.com/images/M/MV5BY2IyNWIwM2EtYjE3MC00ODVlLWJmMTYtM2M3YmY2NWUxODI2XkEyXkFqcGdeQXVyMjQwMDg0Ng@@._V1_SX300.jpg'),
(6170168,'Harris Dickinson','https://m.media-amazon.com/images/M/MV5BODUyNmFjZTgtM2NkNi00ZDgzLTg4YmItMWJhNTdlNjg0MzdjXkEyXkFqcGdeQXVyMTkxNjUyNQ@@._V1_SX300.jpg'),
(6216908,'Connor McCanlus','https://imdb-api.com/images/original/nopicture.jpg'),
(6253548,'Julia Butters','https://m.media-amazon.com/images/M/MV5BZTBiYmNkMGUtMzgzOC00YmZmLThiZDgtOTQxNzMxYmMwNmJiXkEyXkFqcGdeQXVyMTg1NjAxOQ@@._V1_SX300.jpg'),
(6299724,'Sam Nivola','https://m.media-amazon.com/images/M/MV5BYTFmOTg4NGMtZTQ5MS00N2E1LTllMmQtYjBkZDhmODMyNzA2XkEyXkFqcGdeQXVyMjQwMDg0Ng@@._V1_SX300.jpg'),
(6328300,'Winston Duke','https://m.media-amazon.com/images/M/MV5BODgzMTk5MTEyOV5BMl5BanBnXkFtZTgwOTQyNzE2NzM@._V1_SX300.jpg'),
(6396597,'Aaron Holliday','https://m.media-amazon.com/images/M/MV5BMGYxZDBjMDMtOTc4Ny00YmM3LWFiNDEtZTI0ZjI4MGYwMzE0XkEyXkFqcGdeQXVyMTU1NTMyNTg@._V1_SX300.jpg'),
(6403016,'Daniela Melchior','https://m.media-amazon.com/images/M/MV5BYWIzZTYwOTAtN2UxNy00OTgzLWE5OTAtYzhjMTk4YTlhMzk5XkEyXkFqcGdeQXVyMTAyNDczMTA5._V1_SX300.jpg'),
(6404606,'Thaddeus J. Mixson','https://m.media-amazon.com/images/M/MV5BZmZkMTM4NTQtMTU5ZC00MjkxLWEwOTctNDdiMTUwMjJiZGFjXkEyXkFqcGdeQXVyMTExMjM0MzIx._V1_SX300.jpg'),
(6471194,'Jessica Nam','https://m.media-amazon.com/images/M/MV5BODg3MzkzNjUyN15BMl5BanBnXkFtZTgwNjk0NTQzODE@._V1_SX300.jpg'),
(6484459,'Bobby Hernandez','https://m.media-amazon.com/images/M/MV5BZDNlNzg5YzMtOThhYy00OTQ1LTljNDAtYjRiM2FkMTRlYTQ2XkEyXkFqcGdeQXVyNTM0Njk2NzE@._V1_SX300.jpg'),
(6496161,'Lily Kozub','https://m.media-amazon.com/images/M/MV5BMmQyMTJkMjUtNmU5Yi00YmMyLWFhNDYtZTdmNWE2NDc5NTNmXkEyXkFqcGdeQXVyODI0Njk2Njk@._V1_SX300.jpg'),
(6502355,'Natasha Rose Mills','https://m.media-amazon.com/images/M/MV5BYThlMTFhMWUtMzRhOC00YTRmLThlY2EtZmQzNjBlZDllMDg5XkEyXkFqcGdeQXVyNzAzMDE1NjA@._V1_SX300.jpg'),
(6543115,'Satomi Hofmann','https://m.media-amazon.com/images/M/MV5BMDlkYThkNzAtNDI0MC00ODU0LTg0ZDMtNzQ3YzQzZDhkMGEzXkEyXkFqcGdeQXVyNTg1MzExNzA@._V1_SX300.jpg'),
(6578009,'O\'Shea Jackson Jr.','https://m.media-amazon.com/images/M/MV5BMzExMTU2NTQ2OF5BMl5BanBnXkFtZTgwMjQ0MzEzNzE@._V1_SX300.jpg'),
(6599845,'Allyson R. Hood','https://imdb-api.com/images/original/nopicture.jpg'),
(6622667,'Spence Moore II','https://m.media-amazon.com/images/M/MV5BZGVmZjgzZjUtNWMyMy00MmM1LWIwMTItYTQwZWM0YzdjZTA1XkEyXkFqcGdeQXVyNjcwMTcwNzE@._V1_SX300.jpg'),
(6636102,'Danielle Ronald','https://m.media-amazon.com/images/M/MV5BZTNhZGZjM2MtOWRjMi00ZDk0LWE4MGItNzY2YjZmZDVlMjk0XkEyXkFqcGdeQXVyMTMxMjU2OTgy._V1_SX300.jpg'),
(6637505,'Kailey Hyman','https://m.media-amazon.com/images/M/MV5BZTYxNjRjOTctMTJhYi00NjZhLWEyZWItZjFmN2Y2NmVhOGZlXkEyXkFqcGdeQXVyMzU0NTYzNjE@._V1_SX300.jpg'),
(6639989,'Danny Ramirez','https://m.media-amazon.com/images/M/MV5BOWE0MTIyMDctMzgwYi00YWNlLWI3YTgtM2FiYjZiMmVjZWQzXkEyXkFqcGdeQXVyODU3MDE4ODU@._V1_SX300.jpg'),
(6656614,'Shin-Fei Chen','https://m.media-amazon.com/images/M/MV5BMTc1ZWRiOWMtZmM4OS00MWU4LTk5MTQtOTc1YTNiMTk3ZDFmXkEyXkFqcGdeQXVyNjQ5OTA5NjE@._V1_SX300.jpg'),
(6666010,'Telvin Griffin','https://m.media-amazon.com/images/M/MV5BNmU5NzdmYzMtMjFmYS00YTkxLTkwYzItMGYyNmU1ZjRmMjRiXkEyXkFqcGdeQXVyNTQyNDI0MDQ@._V1_SX300.jpg'),
(6761813,'Jenna Davis','https://m.media-amazon.com/images/M/MV5BZDMxNTc1MmMtZjg4Ny00NTY0LTkwMmQtYTg5OGU5NjExMGY4XkEyXkFqcGdeQXVyNjM4MjE4Mjg@._V1_SX300.jpg'),
(6819854,'Justice Smith','https://m.media-amazon.com/images/M/MV5BNDI4Y2UzZTAtYWVhOS00MDhkLWFhNzAtOGVhNjcwMTM0MjQ2XkEyXkFqcGdeQXVyNTU2NjEwMzY@._V1_SX300.jpg'),
(6839875,'Britain Dalton','https://m.media-amazon.com/images/M/MV5BMGVmYjQyZGItMGI1MC00OWRkLThhYzUtMTcxNDg5NjFjZjhjXkEyXkFqcGdeQXVyNTU4MTY0MTk@._V1_SX300.jpg'),
(6877076,'Joe Gallina','https://m.media-amazon.com/images/M/MV5BYjMxNWM5MDEtY2IwYi00OWJkLTlhZGQtZmNjYjY5ZDEyNzlhXkEyXkFqcGdeQXVyMjQwMDg0Ng@@._V1_SX300.jpg'),
(6884042,'Katy M. O\'Brian','https://m.media-amazon.com/images/M/MV5BYWU4ZjQ5MzMtODU0ZC00MTBmLWI5ZWYtMWZhN2FiYTg2NmNjXkEyXkFqcGdeQXVyNTYyMDU5MzI@._V1_SX300.jpg'),
(6886664,'Sathya Sridharan','https://m.media-amazon.com/images/M/MV5BM2JhNjA5MWUtNTlmOC00YjFhLThjNWYtOTU3MmJhM2FkYzhlXkEyXkFqcGdeQXVyNTYzMDAwNjE@._V1_SX300.jpg'),
(6905689,'Tony Bellew','https://m.media-amazon.com/images/M/MV5BMjMxNzYxNTEwMV5BMl5BanBnXkFtZTgwMjI0MDEyNzE@._V1_SX300.jpg'),
(6914609,'Filip Geljo','https://m.media-amazon.com/images/M/MV5BYjc2ODE5NjQtNjE1MC00OTI0LThlZTEtNTg4ZDEyZDBkYmE3XkEyXkFqcGdeQXVyNDI5NjA3MzI@._V1_SX300.jpg'),
(6954568,'Leo Hanna','https://m.media-amazon.com/images/M/MV5BYjI5MTU5NzktYjQ1OS00NzRhLWExMDgtYWMyNmM3Y2ZlZDBhXkEyXkFqcGdeQXVyMjQwMDg0Ng@@._V1_SX300.jpg'),
(7036337,'Odera Adimorah','https://m.media-amazon.com/images/M/MV5BMzA4NDFmNGMtZGMyOC00YmQ2LWJlOGItOWRmNGNkYjdkMzkxXkEyXkFqcGdeQXVyMjQwMDg0Ng@@._V1_SX300.jpg'),
(7065571,'Sullivan Joseph Fortner Jr.','https://imdb-api.com/images/original/nopicture.jpg'),
(7084314,'Briana Middleton','https://m.media-amazon.com/images/M/MV5BYzY5NWVmMjctOTIzZi00OTJjLTk2NWYtOTJkYzI2ZjhmN2E0XkEyXkFqcGdeQXVyNjY5NDgzNjQ@._V1_SX300.jpg'),
(7199080,'Angel Fabián Rivera','https://m.media-amazon.com/images/M/MV5BMTE5MGNmNGEtZDU4My00MDVlLWFhMGQtOGUxZTA2YzliMTk2XkEyXkFqcGdeQXVyMjQwMDg0Ng@@._V1_SX300.jpg'),
(7210025,'Maria Bakalova','https://m.media-amazon.com/images/M/MV5BNmI4NDg4N2QtYjcxOC00NWIyLTk5MWItZGViMTA0YWQ1MjM4XkEyXkFqcGdeQXVyMjQwMDg0Ng@@._V1_SX300.jpg'),
(7215504,'Vella Lovell','https://m.media-amazon.com/images/M/MV5BMzE3MTNiNGYtNTA2Zi00OGJhLTk0ZTQtY2FkNTkwN2UxYzlhXkEyXkFqcGdeQXVyMjIyMDAyMzc@._V1_SX300.jpg'),
(7232332,'Karen Fukuhara','https://m.media-amazon.com/images/M/MV5BMzY2YTIzZTUtMGVmMS00OWYzLTk1NjctNGJkOWY4YzQ3YjYxXkEyXkFqcGdeQXVyMjQwMDg0Ng@@._V1_SX300.jpg'),
(7262074,'Dorothy Steel','https://imdb-api.com/images/original/nopicture.jpg'),
(7312850,'Thobias Thorwid','https://imdb-api.com/images/original/nopicture.jpg'),
(7317659,'Richard D. Myers','https://m.media-amazon.com/images/M/MV5BNDM2ZWQ4NzAtNWFjNi00ZmE5LWE1OWMtNDBkMDIyYTFiMDgxXkEyXkFqcGdeQXVyMjQwMDg0Ng@@._V1_SX300.jpg'),
(7370588,'Jamie Flatters','https://m.media-amazon.com/images/M/MV5BMzNiODE4ZmItOWQ0My00NjBlLWIxZTMtMTZjY2U4ZGViN2I4XkEyXkFqcGdeQXVyMjQwMDg0Ng@@._V1_SX300.jpg'),
(7453477,'Jack Schumacher','https://m.media-amazon.com/images/M/MV5BZjhjMTQwYmMtMTYyMi00MGE5LTlhMTgtY2QyYjNiNjNhYjExXkEyXkFqcGdeQXVyNjc3OTQyOTA@._V1_SX300.jpg'),
(7470732,'Rochelle Maria Muzquiz','https://m.media-amazon.com/images/M/MV5BNjgwMTY2NWEtYjg0NS00MzY1LWE5ZGEtNTFjZmNhYTk2ZDVkXkEyXkFqcGdeQXVyNTE0MzUyNjY@._V1_SX300.jpg'),
(7489737,'Sally Messham','https://m.media-amazon.com/images/M/MV5BM2QyMGYyOTUtNTBhOS00MTc4LWJlZDYtOTJmZTAyNTE1NWJhXkEyXkFqcGdeQXVyNDY5NDY0Njc@._V1_SX300.jpg'),
(7567556,'Ariana Greenblatt','https://m.media-amazon.com/images/M/MV5BNGFlZDExYmEtMzlhZS00ZDcyLTg3M2UtOWJjMzM4ZWI3ODgyXkEyXkFqcGdeQXVyNDM1NjQzOQ@@._V1_SX300.jpg'),
(7592760,'Simone Ashley','https://m.media-amazon.com/images/M/MV5BYTI2YWUyNDgtYTRmNy00NDc2LTg4ZmEtYjJjYTRiN2U3N2U2XkEyXkFqcGdeQXVyMjQwMDg0Ng@@._V1_SX300.jpg'),
(7615637,'Sam Jay','https://m.media-amazon.com/images/M/MV5BNmJhNTY0NGMtZDVmMS00OGIwLTljZTItMDgyYWRlYjY3MGYwXkEyXkFqcGdeQXVyMTExNzQzMDE0._V1_SX300.jpg'),
(7657856,'Patrick Stanny','https://imdb-api.com/images/original/nopicture.jpg'),
(7711807,'Stephanie Palies','https://m.media-amazon.com/images/M/MV5BMTgyNzEzODY4N15BMl5BanBnXkFtZTgwMTE5MDExMDI@._V1_SX300.jpg'),
(7737419,'Brooklynn Prince','https://m.media-amazon.com/images/M/MV5BNjVmZTBkOGYtZGZmMC00NTkwLWI0MWYtMDExY2NkMzhiMjYwXkEyXkFqcGdeQXVyMjQxMTA0Njk@._V1_SX300.jpg'),
(7793723,'Joey Brooks','https://m.media-amazon.com/images/M/MV5BNTQ2MDQ4MDIyOV5BMl5BanBnXkFtZTgwNzA4MzAyMTI@._V1_SX300.jpg'),
(7874945,'Aimée Kwan','https://m.media-amazon.com/images/M/MV5BMDY1YjUwMzUtMDU2NS00MDM0LWFiYjUtMzYwMWYxOGQ4NGQxXkEyXkFqcGdeQXVyMTUxNjI2Nzk@._V1_SX300.jpg'),
(7918162,'Chelsey Goldsmith','https://m.media-amazon.com/images/M/MV5BODBmZTNlNDQtNDBiMC00Y2JiLTg1MGYtNzhiMjZmNDBmZWYzXkEyXkFqcGdeQXVyNjUzNzcxMzc@._V1_SX300.jpg'),
(7987534,'Jessica Alexander','https://m.media-amazon.com/images/M/MV5BMjhlMTRjMDItM2RiNC00MjIyLWJlOWEtN2EyMWU0ZmFmZjBmXkEyXkFqcGdeQXVyNjk0NTA2MDI@._V1_SX300.jpg'),
(8054799,'Cardi B','https://m.media-amazon.com/images/M/MV5BMjMwNTczNTc2MF5BMl5BanBnXkFtZTgwMzM1OTc4MzI@._V1_SX300.jpg'),
(8087548,'Christian Convery','https://m.media-amazon.com/images/M/MV5BNjI0NjFjMTMtMTVmOS00ZTRmLTlmMmQtZDI1MzA5OGQxZjdmXkEyXkFqcGdeQXVyNjU5MjQxNDE@._V1_SX300.jpg'),
(8090765,'Saoirse-Monica Jackson','https://m.media-amazon.com/images/M/MV5BZWY3ZDNlODktMzVmMi00NDIyLTg2NDctNDEzNDc1MzRiODdmXkEyXkFqcGdeQXVyMTAwMjAzMDY5._V1_SX300.jpg'),
(8108730,'Florian Munteanu','https://m.media-amazon.com/images/M/MV5BMTA3MGU5MDYtNDA0My00NDlkLTlhOWQtYTM0ODU3MWU1MWE5XkEyXkFqcGdeQXVyNjQzODU1MjQ@._V1_SX300.jpg'),
(8159774,'Tharoth Sam','https://imdb-api.com/images/original/nopicture.jpg'),
(8189246,'Shaunette Renée Wilson','https://m.media-amazon.com/images/M/MV5BNDVlOTlmMDYtZjA1ZS00MTVlLWE0ZjItMGUwODQwOGVjY2U2XkEyXkFqcGdeQXVyMjk5MzgzMDI@._V1_SX300.jpg'),
(8241861,'Greg Tarzan Davis','https://m.media-amazon.com/images/M/MV5BNmQ4M2YyOTctMDQzMC00YWY4LWFhNTItNTg2MDI5YTI2YjUyXkEyXkFqcGdeQXVyNjgwNTYzODM@._V1_SX300.jpg'),
(8264230,'Frank Fiola','https://m.media-amazon.com/images/M/MV5BZjRlNmU0ODktYjE3MS00NjY3LWJhN2ItMGM5NGM1NTQxYmU2XkEyXkFqcGdeQXVyNjc4NzM0NjE@._V1_SX300.jpg'),
(8289223,'Ian Loh','https://m.media-amazon.com/images/M/MV5BNmNkYzJiODktM2EwZC00YWRhLWI5OTItYTZhZjAyN2UwNzMwXkEyXkFqcGdeQXVyNjc5NzMwMTY@._V1_SX300.jpg'),
(8380569,'Amber Doig-Thorne','https://m.media-amazon.com/images/M/MV5BYTNlOTc0OWQtODI4Ni00MTRhLWJlYWEtNDA2OTE1NjEwOTZmXkEyXkFqcGdeQXVyNjkxMjE5NTU@._V1_SX300.jpg'),
(8408866,'Kevin Leung','https://m.media-amazon.com/images/M/MV5BNTJjNjQ4NTYtMGVmZC00YjViLWJhNzctMTRiYzZkMGQ0MTg1XkEyXkFqcGdeQXVyMjQwMDg0Ng@@._V1_SX300.jpg'),
(8418381,'Chandler Lovelle','https://m.media-amazon.com/images/M/MV5BN2VmNjQ2OWYtZDUyZC00MGVjLWFhMzYtNmUxMmEzMWE3ZTg3XkEyXkFqcGdeQXVyNzEyNjUwNTg@._V1_SX300.jpg'),
(8419596,'Jose Benavidez','https://imdb-api.com/images/original/nopicture.jpg'),
(8460271,'Lorena Andrea','https://m.media-amazon.com/images/M/MV5BYzBmYTRjY2YtNDkyOS00NmRiLTk4NjEtMmU1N2ZiNTU2OGY4XkEyXkFqcGdeQXVyMjQwMDg0Ng@@._V1_SX300.jpg'),
(8509566,'Reza Diako','https://m.media-amazon.com/images/M/MV5BOGUwNTQ0ZjAtZGVmMy00MjI0LWEwYjctNTdiMjZkZTBjY2NkXkEyXkFqcGdeQXVyNzU1NDA5MTI@._V1_SX300.jpg'),
(8567338,'Sasha Calle','https://m.media-amazon.com/images/M/MV5BZTc1YmUzMTMtZjQyYS00ZTIwLWFiNTYtMWNmNDZmODhiMzUwXkEyXkFqcGdeQXVyNzEyNDIxMTI@._V1_SX300.jpg'),
(8627157,'Violet McGraw','https://m.media-amazon.com/images/M/MV5BY2ViOWNiMzMtMzFmZS00YTAwLWFhMmQtZjY5ZTZiYzliNTRhXkEyXkFqcGdeQXVyMTUzMTg2ODkz._V1_SX300.jpg'),
(8692397,'Kajsa Mohammar','https://m.media-amazon.com/images/M/MV5BNmVjZGYwY2UtOWM0MC00N2UzLTg5M2QtOTFlZmFmOGEyZmU0XkEyXkFqcGdeQXVyMTEwNTQyMDEx._V1_SX300.jpg'),
(8707040,'Ayoola Smart','https://m.media-amazon.com/images/M/MV5BYTc4MGExZWMtZGU1Ni00MmU2LWJkYTYtNDRhMGNmYTYxMGJjXkEyXkFqcGdeQXVyNzEyODIyNzA@._V1_SX300.jpg'),
(8816235,'May Kelly','https://m.media-amazon.com/images/M/MV5BYjhmYTdkOTEtZmJkMC00NmFlLWI3MGYtYTM0MGYzMWQ2NjIyXkEyXkFqcGdeQXVyNjU3NzkxMDM@._V1_SX300.jpg'),
(8845062,'Nathan Blees','https://imdb-api.com/images/original/nopicture.jpg'),
(8855363,'Kristóf Kovács','https://imdb-api.com/images/original/nopicture.jpg'),
(8958770,'Paul Mescal','https://m.media-amazon.com/images/M/MV5BYzdhZTAzNjAtYjY5NC00OTFlLWFlYTEtMTQ0NTZlMjJmZTc3XkEyXkFqcGdeQXVyMTkxNjUyNQ@@._V1_SX300.jpg'),
(9045639,'Romina Tonkovic','https://imdb-api.com/images/original/nopicture.jpg'),
(9186895,'Lasaírfhiona Ní Chonaola','https://imdb-api.com/images/original/nopicture.jpg'),
(9248676,'Mystic Inscho','https://m.media-amazon.com/images/M/MV5BNWM5MTljZWUtNzg0ZS00MWYyLWJmYWItNDlhNjIyYWM3MGIzXkEyXkFqcGdeQXVyNzQ3MjU5NzM@._V1_SX300.jpg'),
(9304507,'Trinity Jo-Li Bliss','https://m.media-amazon.com/images/M/MV5BYTE3Y2IzZWMtZGUyNC00NjJjLWIxMGQtN2VmNzI1ZjJmNTE2XkEyXkFqcGdeQXVyODA4NzgwOTM@._V1_SX300.jpg'),
(9377272,'Phillip Johnson Richardson','https://m.media-amazon.com/images/M/MV5BZDQxOGEyNGEtMjJiOS00Nzk0LWFiZjEtMmFjYTY4MmRhYjZiXkEyXkFqcGdeQXVyODIwMzg5MDA@._V1_SX300.jpg'),
(9402376,'Harj Dhillon','https://imdb-api.com/images/original/nopicture.jpg'),
(9481314,'Wesley Kimmel','https://m.media-amazon.com/images/M/MV5BMjg3NDkyNzUtNDM2MS00MzlhLWJkNWEtNjIxZGFhNmFkNjY5XkEyXkFqcGdeQXVyODM3Nzc4NjA@._V1_SX300.jpg'),
(9494786,'Jack Cassidy','https://imdb-api.com/images/original/nopicture.jpg'),
(9538520,'Fred Hechinger','https://m.media-amazon.com/images/M/MV5BZTBjZmVmNmItZjdjMS00Y2VmLWJiMzctZGMyY2EyZDIyMWRmXkEyXkFqcGdeQXVyNjQ4NzUzNjA@._V1_SX300.jpg'),
(9559545,'Bad Bunny','https://m.media-amazon.com/images/M/MV5BODJkMzcwODktZGIyZi00NmE3LWFkYzAtMzkxNWYwMjhmZWE5XkEyXkFqcGdeQXVyMTEzNjc3MDQ5._V1_SX300.jpg'),
(9584861,'Dominique Thorne','https://m.media-amazon.com/images/M/MV5BMTc2NTBjODMtYmIzOC00NTk5LWE2YzYtOGU2YWM5ZjIwZDhhXkEyXkFqcGdeQXVyODkzNTgxMDg@._V1_SX300.jpg'),
(9620384,'Adrian Grünewald','https://imdb-api.com/images/original/nopicture.jpg'),
(9885976,'Quinn McPherson','https://m.media-amazon.com/images/M/MV5BY2Q4MGQxMTYtNjZmMy00NGVhLTkwNjAtNDgzNGI1MTcxZWM3XkEyXkFqcGdeQXVyNzQ0MjY4NjA@._V1_SX300.jpg'),
(9910087,'Evan Milton','https://m.media-amazon.com/images/M/MV5BZjgyMDgzMWItYWUzYy00MGY4LTkzNDEtYzY2Y2Q2ZmNiODcwXkEyXkFqcGdeQXVyMTUxNzU5NzM2._V1_SX300.jpg'),
(9933644,'Terence Crawford','https://imdb-api.com/images/original/nopicture.jpg'),
(9947846,'Samara Joy','https://m.media-amazon.com/images/M/MV5BOWM4N2I0NDYtNmVmNS00MWIzLTgyZDgtODc0MzMyNDJmY2QzXkEyXkFqcGdeQXVyNjUxMjc1OTM@._V1_SX300.jpg'),
(10005581,'Tom Clark','https://m.media-amazon.com/images/M/MV5BZDRjZWFlNWMtOTMzMC00Y2UyLWI5ODYtNDZhMDVlMzFiMDM0XkEyXkFqcGdeQXVyMzY2NjkzNjc@._V1_SX300.jpg'),
(10006028,'Scott Seiss','https://m.media-amazon.com/images/M/MV5BN2QyYTcyZTAtYzEyMS00YWJjLWIzM2QtZTIwMTczODc1NWVhXkEyXkFqcGdeQXVyMTM1MjYxMzA4._V1_SX300.jpg'),
(10044936,'Arlo Green','https://m.media-amazon.com/images/M/MV5BMDlhNTQxNmYtM2MwMC00ZTgxLThkM2EtZjg0MzJjMTU5NWE1XkEyXkFqcGdeQXVyMjQwMDg0Ng@@._V1_SX300.jpg'),
(10104271,'John Carty','https://imdb-api.com/images/original/nopicture.jpg'),
(10128953,'Yung Miami','https://m.media-amazon.com/images/M/MV5BZmM1YTAxMzUtMGQ0MC00OGM2LWI2YWQtOGQ4OWNmOWVlNWVmXkEyXkFqcGdeQXVyMTkxNjUyNQ@@._V1_SX300.jpg'),
(10308537,'Ricky Robles Cruz','https://m.media-amazon.com/images/M/MV5BYmQ3ZWU1NDYtMWJmZS00MWZlLWFhN2ItNzUzMDM4ZjA0NGYzXkEyXkFqcGdeQXVyMTA3MDUyNTkx._V1_SX300.jpg'),
(10433982,'Juliette Motamed','https://imdb-api.com/images/original/nopicture.jpg'),
(10483098,'Emily Coates','https://m.media-amazon.com/images/M/MV5BNmFjMTcwMTItNWEyYi00NDg0LTkxMGMtMjRhODZlOGI4NDI5XkEyXkFqcGdeQXVyOTkyMjI1NzA@._V1_SX300.jpg'),
(10489274,'Nikolai Leon','https://m.media-amazon.com/images/M/MV5BM2U4YThiOTAtMjhkOC00NTc2LWIwMjAtMjczZjc5MDQxNGY3XkEyXkFqcGdeQXVyMjQwMDg0Ng@@._V1_SX300.jpg'),
(10514458,'Spike Fearn','https://m.media-amazon.com/images/M/MV5BMGEzMzI4NjktNzE0Ni00NDM4LTg0YjUtMzVkNjkwYWUxNGY1XkEyXkFqcGdeQXVyMTU1ODIwMTM1._V1_SX300.jpg'),
(10648492,'Phillip Ray Guevara','https://m.media-amazon.com/images/M/MV5BMWI4OGM3MTctOTNhNC00YjBiLTg1MjMtMDM4ODY4YTNlMDFmXkEyXkFqcGdeQXVyMTAyMTc4NTA3._V1_SX300.jpg'),
(10652212,'Keeley Karsten','https://m.media-amazon.com/images/M/MV5BMGQwOWEyMjAtMTMwNS00NjcwLTg2OGYtZGQ0YzllMGU2ODFhXkEyXkFqcGdeQXVyMTAyMjY5NzU1._V1_SX300.jpg'),
(10722411,'Lilly Krug','https://m.media-amazon.com/images/M/MV5BOGU0N2UwYzctZTljNy00NDJlLWI5NWYtNTk3NWNjZmE4MzRmXkEyXkFqcGdeQXVyMTAzMTIwMjAx._V1_SX300.jpg'),
(10783432,'Gabriel Ecoffey','https://imdb-api.com/images/original/nopicture.jpg'),
(10791266,'Maria Taylor','https://m.media-amazon.com/images/M/MV5BYTU3MTA3ZDUtOWQ5ZC00ZTBiLTkxMzUtZmM5ZmU1ZTU2MmUzXkEyXkFqcGdeQXVyMTUyNzY4NTY3._V1_SX300.jpg'),
(10814851,'Jacey Sink','https://imdb-api.com/images/original/nopicture.jpg'),
(10870283,'Jon Paul Allyn','https://m.media-amazon.com/images/M/MV5BYjVjYjgxZWItMDc5ZS00YjY2LTgxZTctYTk4ZTc4MmFiNGRjXkEyXkFqcGdeQXVyMTA2NjI5MjQ3._V1_SX300.jpg'),
(10913047,'Isabelle Kusman','https://m.media-amazon.com/images/M/MV5BMjkzYmYxOTMtMzMzYS00OTcxLWFjZDItMjRlYTZlNmUxZTc1XkEyXkFqcGdeQXVyMTA1Mjg4MzI5._V1_SX300.jpg'),
(11016192,'Mack Bayda','https://m.media-amazon.com/images/M/MV5BNGJjYjZlMzMtYmJhNy00MTZmLTk2MmItZGM0Mzg1NGRjMzNlXkEyXkFqcGdeQXVyMTEwODkwMDM5._V1_SX300.jpg'),
(11063317,'May Nivola','https://imdb-api.com/images/original/nopicture.jpg'),
(11210946,'Simon Ellis','https://m.media-amazon.com/images/M/MV5BNjQwMDAyZWItYTc3MC00ODViLWFlOGQtZTBkY2U4NTIxNmY2XkEyXkFqcGdeQXVyMTExMjQ1NTU0._V1_SX300.jpg'),
(11361026,'Fabi Reyna','https://imdb-api.com/images/original/nopicture.jpg'),
(11603751,'Jase Rivers','https://m.media-amazon.com/images/M/MV5BY2ExYTJiMjYtZDQyNi00MzhkLWEyZDItNDJiNzM5YTM1NWQ5XkEyXkFqcGdeQXVyODg3NTcxMTI@._V1_SX300.jpg'),
(11809977,'Sam Rechner','https://m.media-amazon.com/images/M/MV5BMWMxMjI2MDgtNWNjOC00ODZkLTk5YzMtNDcyNzNiMTk5ZDVkXkEyXkFqcGdeQXVyMTIzMTQ0OTQz._V1_SX300.jpg'),
(11942919,'Zethphan D. Smith-Gneist','https://m.media-amazon.com/images/M/MV5BNzJhMWJjMTYtODMyNi00MmNhLWIzYWUtYmQ5YjcxMWQwZmZmXkEyXkFqcGdeQXVyODI0NzI2MzA@._V1_SX300.jpg'),
(11988083,'Danielle Scott','https://m.media-amazon.com/images/M/MV5BZjI5MGMwNjEtM2I3ZC00MTk2LTk3OWYtZWQ0NjU4NWU3NjMzXkEyXkFqcGdeQXVyMTI1MjU0MDQy._V1_SX300.jpg'),
(12080960,'Kailey Crawford','https://imdb-api.com/images/original/nopicture.jpg'),
(12182744,'Paul Sikivie','https://imdb-api.com/images/original/nopicture.jpg'),
(12218505,'Isabelle Bernardo','https://m.media-amazon.com/images/M/MV5BYjhkZmY2MzAtYzY0NC00YjNjLTg3OGItNzdkNDQ1MTE5YzM2XkEyXkFqcGdeQXVyMjQwMDg0Ng@@._V1_SX300.jpg'),
(12251151,'Rose Eshay','https://m.media-amazon.com/images/M/MV5BY2RlMjExODMtZGE0ZS00ZTAzLWEzYzMtNzJjZDkyOGU5YjQxXkEyXkFqcGdeQXVyMTA3MDg3MDgz._V1_SX300.jpg'),
(12257385,'Birdie Borria','https://m.media-amazon.com/images/M/MV5BNjJkNjNjODYtMGZjZS00ZjRmLThkMDEtZmY2YTJmMmM2MjYyXkEyXkFqcGdeQXVyMTI4NjU2MDg3._V1_SX300.jpg'),
(12270022,'Leo Abelo Perry','https://m.media-amazon.com/images/M/MV5BNGM0NTAxNGUtY2Q0Yy00MTE1LWE1ZDMtOTUzNTI4MDRlOWU1XkEyXkFqcGdeQXVyMTI4ODIyODkw._V1_SX300.jpg'),
(12275550,'Joshua Griffin','https://imdb-api.com/images/original/nopicture.jpg'),
(12276988,'Vhelma Richardson','https://m.media-amazon.com/images/M/MV5BMzI4YzQ2NjktMTVkZi00MjllLThhZDItNzUzOGVlZmRkZTVjXkEyXkFqcGdeQXVyMTI2NTc3OTk2._V1_SX300.jpg'),
(12283443,'Chris Cordell','https://m.media-amazon.com/images/M/MV5BYzQwMTEyMjItYjczZC00YWMzLWE2NDEtZmZiOGZiOGU0N2FlXkEyXkFqcGdeQXVyMTEwMjg4ODMy._V1_SX300.jpg'),
(12302924,'Kieran Burton','https://imdb-api.com/images/original/nopicture.jpg'),
(12365213,'Daniel Llaca','https://m.media-amazon.com/images/M/MV5BNWM5OGFjMTMtNWVkNC00YjQ1LTk0ZjItZDMwYmZlYmYxZmNkXkEyXkFqcGdeQXVyMTMzMDU0MTA2._V1_SX300.jpg'),
(12528125,'J.B. Moore','https://m.media-amazon.com/images/M/MV5BNmE5NzkyOTQtZDEzZi00MDA5LWFhMmQtMGVjZTU5NTBjODcyXkEyXkFqcGdeQXVyOTczNzExODE@._V1_SX300.jpg'),
(12642511,'Douglas Brodax','https://imdb-api.com/images/original/nopicture.jpg'),
(12666838,'Alicia Eriksson','https://m.media-amazon.com/images/M/MV5BMjEwZTg0MGYtNzgzMy00NGRmLTk5MTMtMWRjNzIzZmQ4MzUwXkEyXkFqcGdeQXVyMTMzNzA2NTI3._V1_SX300.jpg'),
(12679952,'Alina Brace','https://m.media-amazon.com/images/M/MV5BODQ2OTk4ZjEtMWMwNS00ZTJiLThkZDQtYzBhMzUxODBmYjhiXkEyXkFqcGdeQXVyMjMzMjU3NTI@._V1_SX300.jpg'),
(12801570,'Sarah Dean','https://m.media-amazon.com/images/M/MV5BMGNjYjFlYjMtNDcxZC00YTUxLWExZTktMWYzN2MyNWI5N2UwXkEyXkFqcGdeQXVyMjQwMDg0Ng@@._V1_SX300.jpg'),
(12872402,'Sophia Kopera','https://imdb-api.com/images/original/nopicture.jpg'),
(12873476,'Mateo Zoryan','https://m.media-amazon.com/images/M/MV5BZmZiZjhiNWYtNmRhOS00MmM5LTllZmMtZGY0YWM2OTY5YTY3XkEyXkFqcGdeQXVyMTM5MjA5NjMw._V1_SX300.jpg'),
(13070379,'Loudon McCleery','https://m.media-amazon.com/images/M/MV5BOGVjODNhMDMtZTdiNS00ZDdjLWJlNzktZWM1MmRhMzkxNTE5XkEyXkFqcGdeQXVyMTU1NTMxMzIx._V1_SX300.jpg'),
(13109503,'Craig David Dowsett','https://m.media-amazon.com/images/M/MV5BOGZkOGJkMjAtZjJhMS00ZjUyLWFkMmYtNjk3Y2FlYTJlYTlmXkEyXkFqcGdeQXVyMTQxMjExMjUz._V1_SX300.jpg'),
(13143634,'Amie Donald','https://m.media-amazon.com/images/M/MV5BYmQzMjU2MDItNjNiNi00ZWY1LTlkZDgtMWZjYWM5ZTkxMGM3XkEyXkFqcGdeQXVyMTQzOTI3OTU3._V1_SX300.jpg'),
(13154324,'Sylvia Flote','https://m.media-amazon.com/images/M/MV5BYzQwNzFjNmYtNGUzYi00MTEwLWIxMDYtMjI0Mjg3ZDVlMjNjXkEyXkFqcGdeQXVyMjQwMDg0Ng@@._V1_SX300.jpg'),
(13154325,'Sophie Kauer','https://m.media-amazon.com/images/M/MV5BMjE4ZmY3YzItMzA0MC00ZmY5LThmNDgtNWUxMzQ0YWNmYmQ5XkEyXkFqcGdeQXVyMTQ3NzA0NjYy._V1_SX300.jpg'),
(13346660,'Rachel Kwok','https://m.media-amazon.com/images/M/MV5BYWZkOGQyNjQtYjU3My00YzgzLTljYWQtY2Q2ZTkyN2ZiNmRhXkEyXkFqcGdeQXVyODUwMjcwMDg@._V1_SX300.jpg'),
(13387216,'Jackey Mishra','https://imdb-api.com/images/original/nopicture.jpg'),
(13389867,'Zachary Wood','https://m.media-amazon.com/images/M/MV5BNGFjZmFhMTctNjVlZi00ODg1LTk4NmMtOTkwMmIwMTU1MGVkXkEyXkFqcGdeQXVyMzExMTc3MjU@._V1_SX300.jpg'),
(13435640,'Wilhelm Schalaudek','https://m.media-amazon.com/images/M/MV5BNWM3MGVhYTAtNmRhZC00ZmU0LWJkY2MtOTAyODk0OTVjMTJkXkEyXkFqcGdeQXVyMTUwMjQ4MzAx._V1_SX300.jpg'),
(13467500,'Haylee Baldwin','https://m.media-amazon.com/images/M/MV5BMThkYzlhOGUtYzNjMS00NTg0LWJkMTktOGZmODc4YzJhZGRlXkEyXkFqcGdeQXVyMTQwMzU5NDgy._V1_SX300.jpg'),
(13494519,'Kristen Cui','https://m.media-amazon.com/images/M/MV5BMzIzNmM3NmEtNjQyMi00ZTI2LWExYjgtNTMwMTgxNGQ2MDQwXkEyXkFqcGdeQXVyNzQ0NTExMA@@._V1_SX300.jpg'),
(13522085,'Natasha Tosini','https://m.media-amazon.com/images/M/MV5BNWJlMTA1ZjktM2VmMS00YTFkLWI0MjEtMmE5OTViYTRmMmFkXkEyXkFqcGdeQXVyMTUxNDQ4NjYy._V1_SX300.jpg'),
(13555182,'Mila Davis-Kent','https://imdb-api.com/images/original/nopicture.jpg'),
(13580290,'Andy M Milligan','https://m.media-amazon.com/images/M/MV5BODdhZTg5OTgtMGFmZS00NzA5LWJlMTItZDgwM2RhOGFlYzFhXkEyXkFqcGdeQXVyMTUyMDgzNjc3._V1_SX300.jpg'),
(13592008,'Frankie Corio','https://m.media-amazon.com/images/M/MV5BM2Q2NWFjMjctMTMzNi00NmMxLTkwM2QtNjQwNDI5M2ZmMTY2XkEyXkFqcGdeQXVyMTI2Nzk3NzI4._V1_SX300.jpg'),
(13611840,'Timoleon Gketsos','https://imdb-api.com/images/original/nopicture.jpg'),
(13684475,'Brooklyn Toulson','https://imdb-api.com/images/original/nopicture.jpg'),
(13685384,'Harry Perdios','https://m.media-amazon.com/images/M/MV5BNzFkZDQ3MzQtYTUzNi00ZDgwLTk3YmEtYjA5MjI3NGQ5NDk2XkEyXkFqcGdeQXVyMTUzMDcyNDcw._V1_SX300.jpg'),
(13687088,'LeChristopher Williams','https://m.media-amazon.com/images/M/MV5BNzA4Y2RiMzUtMzc3NS00YzIzLWFlNWQtMmQ1NjFlMWI2NDFiXkEyXkFqcGdeQXVyMTUzMTEwODk5._V1_SX300.jpg'),
(13691501,'Ethan James Smith','https://imdb-api.com/images/original/nopicture.jpg'),
(13713293,'Ruby Thompson','https://m.media-amazon.com/images/M/MV5BMjJlMzBhYjctMzdlZS00Y2Y2LWIzMTYtNjU1NzZiYmE4ODU3XkEyXkFqcGdeQXVyMTI1MzgzNDAz._V1_SX300.jpg'),
(13737968,'Carly Brodax','https://imdb-api.com/images/original/nopicture.jpg'),
(13739729,'Jiannis Moustos','https://imdb-api.com/images/original/nopicture.jpg'),
(13901236,'Kevin Akiyoshi Ching','https://imdb-api.com/images/original/nopicture.jpg'),
(13901237,'Toshitaka Katsumi','https://imdb-api.com/images/original/nopicture.jpg'),
(13989690,'Kitty Watson','https://imdb-api.com/images/original/nopicture.jpg'),
(14036519,'Marc-Martin Straub','https://imdb-api.com/images/original/nopicture.jpg'),
(14036520,'Ylva Pollak','https://imdb-api.com/images/original/nopicture.jpg'),
(14036522,'Nicolas Hopchet','https://imdb-api.com/images/original/nopicture.jpg'),
(14036523,'Mila Bogojevic','https://imdb-api.com/images/original/nopicture.jpg'),
(14100470,'Jenny','https://imdb-api.com/images/original/nopicture.jpg'),
(14228024,'Ayse Parlak','https://imdb-api.com/images/original/nopicture.jpg'),
(14228025,'Sophia Lamanova','https://imdb-api.com/images/original/nopicture.jpg'),
(14228026,'Frank Corio','https://imdb-api.com/images/original/nopicture.jpg'),
(14228027,'Onur Eksioglu','https://imdb-api.com/images/original/nopicture.jpg'),
(14228028,'Cafer Karahan','https://imdb-api.com/images/original/nopicture.jpg'),
(14228029,'John Stuifzand','https://imdb-api.com/images/original/nopicture.jpg'),
(14228030,'Tyler Mutlu','https://imdb-api.com/images/original/nopicture.jpg'),
(14313990,'Madison Gaughan','https://m.media-amazon.com/images/M/MV5BNTBhMDU1ZmItYmRmNC00YjU5LTg1NDEtMGQzMGE0NmM5NDdmXkEyXkFqcGdeQXVyMTU5ODQ5MDA1._V1_SX300.jpg'),
(14313991,'Jill Brodax','https://imdb-api.com/images/original/nopicture.jpg'),
(14313992,'Wickham Bermingham','https://imdb-api.com/images/original/nopicture.jpg'),
(14313993,'Santu Chopra','https://imdb-api.com/images/original/nopicture.jpg'),
(14313994,'Danielle Williams','https://imdb-api.com/images/original/nopicture.jpg'),
(14313995,'Mathew Williams','https://imdb-api.com/images/original/nopicture.jpg'),
(14313996,'Henry Moore','https://imdb-api.com/images/original/nopicture.jpg'),
(14313997,'Dean Moore','https://imdb-api.com/images/original/nopicture.jpg'),
(14313998,'Jacob Weinheimer','https://imdb-api.com/images/original/nopicture.jpg'),
(14324793,'Felix Goddard','https://imdb-api.com/images/original/nopicture.jpg'),
(14324794,'Max Goddard','https://imdb-api.com/images/original/nopicture.jpg'),
(14328297,'Oliver Farrelly','https://imdb-api.com/images/original/nopicture.jpg'),
(14328298,'James Carty','https://imdb-api.com/images/original/nopicture.jpg'),
(14328299,'Conor Connolly','https://imdb-api.com/images/original/nopicture.jpg'),
(14352653,'Ryan Owens','https://imdb-api.com/images/original/nopicture.jpg'),
(14414895,'Michael William Chopra','https://m.media-amazon.com/images/M/MV5BYWQzY2ZjNmEtNTQxZi00MDgwLWI5OTUtYmE1MGE0NTJjOThlXkEyXkFqcGdeQXVyMTQzNjg4Njky._V1_SX300.jpg'),
(14472635,'Paula Först','https://imdb-api.com/images/original/nopicture.jpg'),
(14477786,'Denise Nakano','https://m.media-amazon.com/images/M/MV5BNmZiMWMxOTYtZWQ3OC00MzcyLWI5ZmYtZjZhZDdkZDg4OGQ3XkEyXkFqcGdeQXVyMTYxNTUxNzcz._V1_SX300.jpg'),
(14478388,'Frederick Dallaway','https://m.media-amazon.com/images/M/MV5BNmE1MzQwMmQtM2VkOC00MjE5LWFlM2MtN2NjZjI1OTAwMjljXkEyXkFqcGdeQXVyMTU4ODcwNzAx._V1_SX300.jpg'),
(14508625,'Lena Juka Stambuk','https://imdb-api.com/images/original/nopicture.jpg'),
(14533986,'Fernando Chang','https://imdb-api.com/images/original/nopicture.jpg'),
(14546933,'Jemelia George','https://imdb-api.com/images/original/nopicture.jpg'),
(14573968,'Ann Najjar','https://imdb-api.com/images/original/nopicture.jpg');

INSERT INTO `genres` VALUES
(1,'Azione'),
(2,'Avventura'),
(3,'Animazione'),
(4,'Commedia'),
(5,'Crimine'),
(6,'Dramma'),
(7,'Famiglia'),
(8,'Fantasia'),
(9,'Storia'),
(10,'Orrore'),
(11,'Musica'),
(12,'Mistero'),
(13,'Romantico'),
(14,'Fantascienza'),
(15,'Sport'),
(16,'Romanzo giallo'),
(17,'Guerra');

INSERT INTO `movies` VALUES
(68646,'The Godfather','https://m.media-amazon.com/images/M/MV5BM2MyNjYxNmUtYTAwNi00MTYxLWJmNWYtYzZlODY3ZTk3OTFlXkEyXkFqcGdeQXVyNzkwMjQ5NzM@._V1_SX300.jpg','Anni Quaranta. Come è consuetudine, durante il rinfresco per festeggiare le nozze della figlia Conny con Carlo, il \"padrino\" don Vito Corleone promette assistenza e protezione a familiari e amici. Invia il figliastro Tom Hagen in California per convincere in ogni modo il produttore Jack Woltz a scritturare il cantante Johnny nel suo prossimo film. Woltz non acconsente. Tom allora lo costringe ad accettare con un \"avvertimento\": l\'uccisione del suo cavallo di razza preferito. Sollozzo, a nome della potente \"famiglia\" Tartaglia, chiede a Corleone finanziamenti e appoggi per il traffico di droga. Il rifiuto scatena una lotta cruenta tra le due cosche: lo stesso don Vito viene ferito gravemente; il figlio minore Michael lo salva da un secondo attentato. Michael, poi, scavalcando l\'irruento fratello Sonny e Tom, temporeggiatore, organizza un incontro con Sollozzo e con il corrotto capitano di polizia McCluskey uccidendoli entrambi.',1972,'1972-03-24','2h 55min',9,''),
(120338,'Titanic (film 1997)','https://m.media-amazon.com/images/M/MV5BMDdmZGU3NDQtY2E5My00ZTliLWIzOTUtMTY4ZGI1YjdiNjk3XkEyXkFqcGdeQXVyNTA4NzY1MzY@._V1_SX300.jpg','Rose ha diciassette anni, una madre egoista, un fidanzato facoltoso e una vita pianificata. Imbarcata sul Titanic e insoddisfatta della propria subalternità al futuro sposo incontra Jack, romantico disegnatore della terza classe che ha vinto a poker un biglietto per l\'America. Contro le convenzioni e il destino, che chiederà il conto in una notte senza luna, Rose e Jack si innamorano, spiegando il loro spirito come i motori del più grande transatlantico del mondo. Lanciato nella sua prima traversata oceanica il Titanic è colpito al cuore da un iceberg, \'affondando\' millecinquecento persone e il futuro dei due giovani amanti. Ottantaquattro anni dopo l\'ultracentenaria Rose, scampata al naufragio e sopravvissuta a Jack, racconterà a un gruppo di scienziati la meraviglia di un amore interclassista e la stupidità di un mondo diviso in classi. Un mondo che il Titanic inabisserà in un oceano nero il 15 aprile del 1912.',1997,'1997-12-19','3h 14min',8,'https://it.wikipedia.org/wiki/Titanic_(film_1997)'),
(439572,'The Flash (film 2023)','https://m.media-amazon.com/images/M/MV5BMDFhZTc3NWQtY2UyZS00OGYzLTgxNTUtYjYxMjZjMmEyMjcwXkEyXkFqcGdeQXVyMTkxNjUyNQ@@._V1_SX300.jpg','The Flash travels back in time to prevent the murder of his mother, an act which disrupts time significantly.',2023,'2023-06-16','',0,'https://it.wikipedia.org/wiki/The_Flash_(film_2023)'),
(439573,'Niente di nuovo sul fronte occidentale (film 2022)','https://m.media-amazon.com/images/M/MV5BMzM4ZDJhYjYtZGY5Ny00NTk0LWI4ZTYtNjczZDFiMGI2ZjEzXkEyXkFqcGdeQXVyNjc5NjEzNA@@._V1_SX300.jpg','Paul Baumer and his friends Albert and Muller, egged on by romantic dreams of heroism, voluntarily enlist in the German army. Full of excitement and patriotic fervour, the boys enthusiastically march into a war they believe in. But once on the Western Front, they discover the soul-destroying horror of World War I.',2022,'2022-10-28','2h 28min',8,'https://it.wikipedia.org/wiki/Niente_di_nuovo_sul_fronte_occidentale_(film_2022)'),
(1462764,'Indiana Jones e la ruota del destino','https://m.media-amazon.com/images/M/MV5BY2Q0ODg4ZmItNDZiYi00ZWY5LTg2NzctNmYwZjA5OThmNzE1XkEyXkFqcGdeQXVyMjM4MzQ4OTQ@._V1_SX300.jpg','Fifth and final movie in the Indiana Jones franchise.',2023,'2023-06-30','',0,'https://it.wikipedia.org/wiki/Indiana_Jones_e_la_ruota_del_destino'),
(1630029,'Avatar - La via dell\'acqua','https://m.media-amazon.com/images/M/MV5BYjhiNjBlODctY2ZiOC00YjVlLWFlNzAtNTVhNzM1YjI1NzMxXkEyXkFqcGdeQXVyMjQxNTE1MDA@._V1_SX300.jpg','Secondo capitolo della saga di fantascienza di James Cameron.',2022,'2022-12-16','3h 12min',8,'https://it.wikipedia.org/wiki/Avatar_-_La_via_dell%27acqua'),
(1745960,'Top Gun: Maverick','https://m.media-amazon.com/images/M/MV5BZWYzOGEwNTgtNWU3NS00ZTQ0LWJkODUtMmVhMjIwMjA1ZmQwXkEyXkFqcGdeQXVyMjkwOTAyMDU@._V1_SX300.jpg','Dopo più di trent’anni di servizio nella Marina, il Tenente Pete “Maverick” Mitchell (Tom Cruise) è proprio dove vorrebbe essere: un pilota coraggioso che può spingersi oltre ogni limite, cercando di schivare l’avanzamento di carriera che metterebbe un freno alla sua libertà. Quando viene chiamato ad allenare un distaccamento di allievi dell’accademia Top Gun per una missione specializzata che nessuno al mondo ha mai portato a compimento, Maverick incontra il Tenente Bradley Bradshaw (Miles Teller), nome in codice “Rooster”: è il figlio dell’amico di Maverick, il Tenente Nick Bradshaw, detto “Goose.” Alle prese con un futuro incerto e con i fantasmi del passato, Maverick deve confrontarsi con le sue paure più profonde, fino ad una missione che richiederà il sacrificio ultimo di quelli che sceglieranno di parteciparvi.',2022,'2022-05-27','2h 10min',8,'https://it.wikipedia.org/wiki/Top_Gun:_Maverick'),
(1915581,'Magic Mike','https://m.media-amazon.com/images/M/MV5BMTQzMDMzOTA5M15BMl5BanBnXkFtZTcwMjc4MTg4Nw@@._V1_SX300.jpg','Lo spogliarellista Mike prende il giovane ballerino The Kid sotto la sua ala e lo introduce all\'arte delle feste, del rimorchiare donne e del fare soldi facili.',2012,'2012-06-29','1h 50min',6,'https://it.wikipedia.org/wiki/Magic_Mike'),
(3915174,'Il gatto con gli stivali 2 - L\'ultimo desiderio','https://m.media-amazon.com/images/M/MV5BNjMyMDBjMGUtNDUzZi00N2MwLTg1MjItZTk2MDE1OTZmNTYxXkEyXkFqcGdeQXVyMTQ5NjA0NDM0._V1_SX300.jpg','Puss in Boots discovers that his passion for adventure has taken its toll: He has burned through eight of his nine lives, leaving him with only one life left. Puss sets out on an epic journey to find the mythical Last Wish and restore his nine lives.',2022,'2022-12-21','1h 42min',8,'https://it.wikipedia.org/wiki/Il_gatto_con_gli_stivali_2_-_L%27ultimo_desiderio'),
(5433140,'Fast X','https://m.media-amazon.com/images/M/MV5BODI2OGMyN2UtYjBiYS00OTExLWJkM2YtNTE2NmNmMGYzOTI0XkEyXkFqcGdeQXVyMTkxNjUyNQ@@._V1_SX300.jpg','Decimo e penultimo capitolo del franchise Fast and Furious.',2023,'2023-05-19','',0,'https://it.wikipedia.org/wiki/Fast_X'),
(5884796,'The Plane','https://m.media-amazon.com/images/M/MV5BZDc4MzVkNzYtZTRiZC00ODYwLWJjZmMtMDIyNjQ1M2M1OGM2XkEyXkFqcGdeQXVyMDA4NzMyOA@@._V1_SX300.jpg','After a heroic job of successfully landing his storm-damaged aircraft in a war zone, Brodie Torrance finds himself caught between the agendas of multiple militias that are planning to take the plane and its passengers hostage.',2023,'2023-01-13','1h 47min',7,'https://it.wikipedia.org/wiki/The_Plane'),
(5971474,'La sirenetta (film 2023)','https://m.media-amazon.com/images/M/MV5BZWUxOGRjNTgtMjhjZC00YjRhLTk4YzEtN2IwMGFiYjZhOTBiXkEyXkFqcGdeQXVyMTA4ODY5NzE0._V1_SX300.jpg','A young mermaid makes a deal with a sea witch: trading her beautiful voice to get human legs so she can discover the world above water.',2023,'2023-05-26','',0,'https://it.wikipedia.org/wiki/La_sirenetta_(film_2023)'),
(6160448,'Rumore bianco (film)','https://m.media-amazon.com/images/M/MV5BMDdmYjc3Y2EtM2FjYS00NGI2LTliZjgtYmQxMzJiMmUxNmI4XkEyXkFqcGdeQXVyNjY1MTg4Mzc@._V1_SX300.jpg','Jack and his fourth wife, bound by their love, fear of death, and four ultramodern offspring, navigate the rocky passages of family life to the background babble of brand-name consumerism. Then a lethal black chemical cloud, unleashed by an industrial accident, floats over there lives, an “airborne toxic event”.',2022,'2022-12-30','2h 16min',6,'https://it.wikipedia.org/wiki/Rumore_bianco_(film)'),
(6710474,'Everything Everywhere All at Once','https://m.media-amazon.com/images/M/MV5BYTdiOTIyZTQtNmQ1OS00NjZlLWIyMTgtYzk5Y2M3ZDVmMDk1XkEyXkFqcGdeQXVyMTAzMDg4NzU0._V1_SX300.jpg','An aging Chinese immigrant is swept up in an insane adventure, where she alone can save the world by exploring other universes connecting with the lives she could have led. Unfortunately, this sweeps her up into an even bigger adventure when she finds herself lost in the infinite worlds of the multiverse.',2022,'2022-04-08','2h 19min',8,'https://it.wikipedia.org/wiki/Everything_Everywhere_All_at_Once'),
(6791350,'Guardiani della Galassia Vol. 3','https://m.media-amazon.com/images/M/MV5BMDgxOTdjMzYtZGQxMS00ZTAzLWI4Y2UtMTQzN2VlYjYyZWRiXkEyXkFqcGdeQXVyMTkxNjUyNQ@@._V1_SX300.jpg','The third and final film in the Guardians of the Galaxy trilogy.',2023,'2023-05-05','',0,'https://it.wikipedia.org/wiki/Guardiani_della_Galassia_Vol._3'),
(7322224,'Triangle of Sadness','https://m.media-amazon.com/images/M/MV5BNDRiZjc0ZDMtMjhlYi00ZjAzLTg0MDQtZDI2NGEyYTBlN2M2XkEyXkFqcGdeQXVyMTA2MDU0NjM5._V1_SX300.jpg','When a yacht sinks during a luxury cruise, a celebrity couple is left stranded on a desert island with a group of billionaires and a cleaning lady. In the fight for survival, hierarchy is turned upside-down.',2022,'2022-09-18','2h 27min',7,'https://it.wikipedia.org/wiki/Triangle_of_Sadness'),
(7405458,'Non così vicino','https://m.media-amazon.com/images/M/MV5BNzg3OTEzMTgtYWU0OC00YTI0LWIxOTAtNmRkNTc0Nzg2YWU1XkEyXkFqcGdeQXVyNjY1MTg4Mzc@._V1_SX300.jpg','The story of Otto Anderson, a grumpy widower who is very set in his ways. When a lively young family moves in next door, he meets his match in quick-witted and very pregnant Marisol, leading to an unlikely friendship that will turn his world upside-down.',2022,'2023-01-13','2h 6min',8,'https://it.wikipedia.org/wiki/Non_cos%C3%AC_vicino'),
(8760708,'Megan (film 2023)','https://m.media-amazon.com/images/M/MV5BMDk4MTdhYzEtODk3OS00ZDBjLWFhNTQtMDI2ODdjNzQzZTA3XkEyXkFqcGdeQXVyMjMxOTE0ODA@._V1_SX300.jpg','A brilliant toy company roboticist uses artificial intelligence to develop M3GAN, a life-like doll programmed to emotionally bond with her newly orphaned niece. But when the doll\'s programming works too well, she becomes overprotective of her new friend… with terrifying results.',2022,'2023-01-06','1h 42min',6,'https://it.wikipedia.org/wiki/Megan_(film_2023)'),
(9114286,'Black Panther: Wakanda Forever','https://m.media-amazon.com/images/M/MV5BNTM4NjIxNmEtYWE5NS00NDczLTkyNWQtYThhNmQyZGQzMjM0XkEyXkFqcGdeQXVyODk4OTc3MTY@._V1_SX300.jpg','The sequel to Black Panther (2018).',2022,'2022-11-11','2h 41min',7,'https://it.wikipedia.org/wiki/Black_Panther:_Wakanda_Forever'),
(9686790,'Un matrimonio esplosivo','https://m.media-amazon.com/images/M/MV5BN2IwZDU2NDAtNmJlYS00NDJlLWI1ZjQtOTViY2I0YWZlM2U1XkEyXkFqcGdeQXVyMjkwOTAyMDU@._V1_SX300.jpg','Darcy and Tom gather their families for the ultimate destination wedding but when the entire party is taken hostage, “’Til Death Do Us Part” takes on a whole new meaning in this hilarious, adrenaline-fueled adventure as Darcy and Tom must save their loved ones—if they don’t kill each other first.',2022,'2023-01-27','1h 40min',5,'https://it.wikipedia.org/wiki/Un_matrimonio_esplosivo'),
(9764362,'The Menu','https://m.media-amazon.com/images/M/MV5BMzdjNjI5MmYtODhiNS00NTcyLWEzZmUtYzVmODM5YzExNDE3XkEyXkFqcGdeQXVyMTAyMjQ3NzQ1._V1_SX300.jpg','Una giovane coppia si reca per un viaggio di piacere in un\'isola remota, dove tra le altre cose ha programmato di mangiare in un ristorante esclusivo. Lo chef infatti è solito preparare menu strabilianti e soprattutto ricchi di sorprese.',2022,'2022-11-18','1h 47min',7,'https://it.wikipedia.org/wiki/The_Menu'),
(10365998,'Infinity Pool','https://m.media-amazon.com/images/M/MV5BZDQxZTY0ZDItY2Y0Yy00OTIzLTkwYTgtNmNkODhiYTk4MzUwXkEyXkFqcGdeQXVyODE5NzE3OTE@._V1_SX300.jpg','While staying at an isolated island resort, James and Em are enjoying a perfect vacation of pristine beaches, exceptional staff, and soaking up the sun. But guided by the seductive and mysterious Gabi, they venture outside the resort grounds and find themselves in a culture filled with violence, hedonism, and untold horror.',2023,'2023-01-27','1h 57min',6,''),
(10366206,'John Wick 4','https://m.media-amazon.com/images/M/MV5BMDExZGMyOTMtMDgyYi00NGIwLWJhMTEtOTdkZGFjNmZiMTEwXkEyXkFqcGdeQXVyMjM4NTM5NDY@._V1_SX300.jpg','Non abbiamo una descrizione tradotta in inglese. Aiutaci ad espandere il nostro database aggiungendone una.',2023,'2023-03-24','2h 49min',0,'https://it.wikipedia.org/wiki/John_Wick_4'),
(10640346,'Babylon (film 2022)','https://m.media-amazon.com/images/M/MV5BNjlkYjc4NGMtZjc3MS00NjQ3LTk4MmUtMTkwZGZjODE1ZDVlXkEyXkFqcGdeQXVyODk4OTc3MTY@._V1_SX300.jpg','Set in Hollywood during the transition from silent films to talkies, focusing on a mixture of historical and fictional characters.',2022,'2022-12-23','3h 9min',7,'https://it.wikipedia.org/wiki/Babylon_(film_2022)'),
(10954600,'Ant-Man and the Wasp: Quantumania','https://m.media-amazon.com/images/M/MV5BODZhNzlmOGItMWUyYS00Y2Q5LWFlNzMtM2I2NDFkM2ZkYmE1XkEyXkFqcGdeQXVyMTU5OTA4NTIz._V1_SX300.jpg','The third film in the Marvel Studios\' Ant-Man trilogy.',2023,'2023-02-17','2h 4min',7,'https://it.wikipedia.org/wiki/Ant-Man_and_the_Wasp:_Quantumania'),
(11145118,'Creed III','https://m.media-amazon.com/images/M/MV5BYWY1ZDY4MmQtYjhiYS00N2QwLTk1NzgtOWI2YzUwZThjNDYwXkEyXkFqcGdeQXVyMDM2NDM2MQ@@._V1_SX300.jpg','The third installment of Creed franchise.',2023,'2023-03-03','1h 56min',0,'https://it.wikipedia.org/wiki/Creed_III'),
(11315808,'Joker: Folie à Deux','https://m.media-amazon.com/images/M/MV5BNGVjNWI4ZGUtNzE0MS00YTJmLWE0ZDctN2ZiYTk2YmI3NTYyXkEyXkFqcGdeQXVyMTkxNjUyNQ@@._V1_SX300.jpg','A sequel to the 2019 film Joker.',2024,'2024-10-04','',0,''),
(11564570,'Glass Onion - Knives Out','https://m.media-amazon.com/images/M/MV5BYmZlZDZkZjYtNzE5Mi00ODFhLTk2OTgtZWVmODBiZTI4NGFiXkEyXkFqcGdeQXVyMTE5MTg5NDIw._V1_SX300.jpg','Seguito di Knives Out (2019)',2022,'2022-12-23','2h 19min',7,'https://it.wikipedia.org/wiki/Glass_Onion_-_Knives_Out'),
(11813216,'Gli spiriti dell\'isola','https://m.media-amazon.com/images/M/MV5BM2NlZDI0ZDktNTg5OS00ZjQ1LWI4MDEtN2I0MDE5NWRiNzA4XkEyXkFqcGdeQXVyMTY5Nzc4MDY@._V1_SX300.jpg','A pair of lifelong friends on a remote Irish island find themselves at an awkward time in their relationship when one of them no longer wants to be friends.',2022,'2022-11-04','1h 54min',8,'https://it.wikipedia.org/wiki/Gli_spiriti_dell%27isola'),
(12261776,'65 (film)','https://m.media-amazon.com/images/M/MV5BYzFhM2M1MDUtNDhmNC00YzEzLThiMzctYWYxZTc0MGJhNWYyXkEyXkFqcGdeQXVyMTUzMTg2ODkz._V1_SX300.jpg','An astronaut crash lands on a mysterious planet only to discover he\'s not alone.',2023,'2023-03-10','',0,'https://it.wikipedia.org/wiki/65_(film)'),
(12573454,'Sharper','https://m.media-amazon.com/images/M/MV5BM2JlN2Q2ZmYtYmU4OS00ZjNlLWE2OTEtOTc2ZDY5NjEwMTM4XkEyXkFqcGdeQXVyMTEyMjM2NDc2._V1_SX300.jpg','A con artist takes on Manhattan’s billionaires.',2023,'2023-02-17','1h 56min',7,'https://it.wikipedia.org/wiki/Sharper'),
(12593682,'Bullet Train','https://m.media-amazon.com/images/M/MV5BMDU2ZmM2OTYtNzIxYy00NjM5LTliNGQtN2JmOWQzYTBmZWUzXkEyXkFqcGdeQXVyMTkxNjUyNQ@@._V1_SX300.jpg','Five assassins aboard a fast moving bullet train find out their missions have something in common.',2022,'2022-08-05','2h 7min',7,'https://it.wikipedia.org/wiki/Bullet_Train'),
(12823454,'Da me o da te','https://m.media-amazon.com/images/M/MV5BYjcxY2QwZmMtNjE1MS00OGU2LWJiMjYtOTc3ZTk5NmI2ODc1XkEyXkFqcGdeQXVyMTAyMjQ3NzQ1._V1_SX300.jpg','When best friends and total opposites Debbie and Peter swap homes for a week, they get a peek into each other\'s lives that could open the door to love.',2023,'2023-02-10','1h 49min',6,'https://it.wikipedia.org/wiki/Da_me_o_da_te'),
(13560574,'X: A Sexy Horror Story','https://m.media-amazon.com/images/M/MV5BMTJiMmE5YWItOWZjYS00YTg0LWE0MTYtMzg2ZTY4YjNkNDEzXkEyXkFqcGdeQXVyMTAzMDg4NzU0._V1_SX300.jpg','In 1979, a group of young filmmakers set out to make an adult film in rural Texas, but when their reclusive, elderly hosts catch them in the act, the cast find themselves fighting for their lives.',2022,'2022-03-18','1h 45min',7,'https://it.wikipedia.org/wiki/X:_A_Sexy_Horror_Story'),
(13833688,'The Whale (film)','https://m.media-amazon.com/images/M/MV5BZDQ4Njg4YTctNGZkYi00NWU1LWI4OTYtNmNjOWMyMjI1NWYzXkEyXkFqcGdeQXVyMTA3MDk2NDg2._V1_SX300.jpg','A reclusive English teacher suffering from severe obesity attempts to reconnect with his estranged teenage daughter for one last chance at redemption.',2022,'2022-12-21','1h 57min',8,'https://it.wikipedia.org/wiki/The_Whale_(film)'),
(14138650,'The Pale Blue Eye - I delitti di West Point','https://m.media-amazon.com/images/M/MV5BZDg2YThlMTItYzhhMy00OWE3LTljYTAtYTExMDM5NzRjOGFhXkEyXkFqcGdeQXVyMTEzMTI1Mjk3._V1_SX300.jpg','A seasoned detective investigates a series of murders at the U.S. Military Academy in West Point in 1830. He is assisted in his investigation by an intelligent and eager young cadet named Edgar Allan Poe, who will go on to become one of America\'s most influential authors and the originator of the detective genre.',2022,'2023-01-06','2h 8min',7,'https://it.wikipedia.org/wiki/The_Pale_Blue_Eye_-_I_delitti_di_West_Point'),
(14208870,'The Fabelmans','https://m.media-amazon.com/images/M/MV5BZGM1MzczNmQtMjBmYS00NTRhLWI0MzctNTFkZDc4OGUyODdjXkEyXkFqcGdeQXVyMjMxOTE0ODA@._V1_SX300.jpg','A semi-autobiography based on Steven Spielberg\'s own childhood growing up in post-war Arizona, from age seven to eighteen.',2022,'2022-11-23','2h 31min',8,'https://it.wikipedia.org/wiki/The_Fabelmans'),
(14209916,'Cocainorso','https://m.media-amazon.com/images/M/MV5BODAwZDQ5ZjEtZDI1My00MTFiLTg0ZjUtOGE2YTBkOTdjODFhXkEyXkFqcGdeQXVyODE5NzE3OTE@._V1_SX300.jpg','An oddball group of cops, criminals, tourists, and teens converge in a Georgia forest where a 500-pound apex predator has ingested a staggering amount of cocaine and gone on a coke-fueled rampage for more blow … and blood.',2023,'2023-02-24','1h 35min',7,'https://it.wikipedia.org/wiki/Cocainorso'),
(14444726,'Tár','https://m.media-amazon.com/images/M/MV5BM2I0ZDcyYzItMGEyNi00YWVhLTlmNTQtOWVlYjE1ZGVhNWM0XkEyXkFqcGdeQXVyMTkxNjUyNQ@@._V1_SX300.jpg','World-renowned musician Lydia Tár is just days away from recording the symphony that will take her to the very heights of her already formidable career. Tár’s remarkably bright and charming six-year-old adopted daughter Petra has a key role to play here. And when elements seem to conspire against Lydia, the young girl is an important emotional support for her struggling mother.',2022,'2022-10-28','2h 38min',8,'https://it.wikipedia.org/wiki/T%C3%A1r'),
(14458442,'The Son (film)','https://m.media-amazon.com/images/M/MV5BNDZiY2Y0MTgtYjRjMS00ZTE0LTg3NzYtY2VlYzEwYjI2NWY5XkEyXkFqcGdeQXVyMTQyODg5MjQw._V1_SX300.jpg','A couple of years after his parents’ divorce, 17-year-old Nicholas no longer feels he can stay with his mother, Kate. He moves in with his father Peter and Peter’s new partner Beth. Juggling work, his and Beth’s new baby, and the offer of his dream job in Washington, Peter tries to care for Nicholas as he wishes his own father had cared for him. But by reaching for the past to correct its mistakes, he loses sight of how to hold onto the Nicholas in the present.',2022,'2023-01-20','2h 3min',6,'https://it.wikipedia.org/wiki/The_Son_(film)'),
(14826022,'You People','https://m.media-amazon.com/images/M/MV5BNGM2NTQ2MGUtYmVjZS00YTNjLTkxMjUtOWQ2ZjRiMDQyNmVlXkEyXkFqcGdeQXVyMTE5MTg5NDIw._V1_SX300.jpg','A new couple and their families reckon with modern love amid culture clashes, societal expectations and generational differences.',2023,'2023-01-27','1h 57min',6,'https://it.wikipedia.org/wiki/You_People'),
(15333984,'Somebody I Used to Know','https://m.media-amazon.com/images/M/MV5BMzJhYjZkYzMtN2U3Mi00MGUzLWIwYWItN2RjMGY1OTBlMDJkXkEyXkFqcGdeQXVyMjkwOTAyMDU@._V1_SX300.jpg','On a trip to her hometown, workaholic Ally reminisces with her first love Sean, and starts to question everything about the person she\'s become. Things only get more confusing when she meets Sean\'s fiancé, Cassidy, who reminds her of the person she used to be.',2023,'2023-02-10','1h 46min',6,''),
(15679400,'Bussano alla porta','https://m.media-amazon.com/images/M/MV5BZDA0MzcxZTgtMTAzZC00MGJkLTg3YzItZjMzNjkwOTVlODNlXkEyXkFqcGdeQXVyMTA3MDk2NDg2._V1_SX300.jpg','While vacationing at a remote cabin, a young girl and her parents are taken hostage by four armed strangers who demand that the family make an unthinkable choice to avert the apocalypse. With limited access to the outside world, the family must decide what they believe before all is lost.',2023,'2023-02-03','1h 40min',6,'https://it.wikipedia.org/wiki/Bussano_alla_porta'),
(16280138,'Magic Mike - The Last Dance','https://m.media-amazon.com/images/M/MV5BMTg4ZWZhODQtNWVhNC00NjA1LWJhZjgtZTFkY2JmNWJlYzU0XkEyXkFqcGdeQXVyMTUzMTg2ODkz._V1_SX300.jpg','Mike Lane takes to the stage again after a lengthy hiatus, following a business deal that went bust, leaving him broke and taking bartender gigs in Florida. For what he hopes will be one last hurrah, Mike heads to London with a wealthy socialite who lures him with an offer he can’t refuse… and an agenda all her own. With everything on the line, once Mike discovers what she truly has in mind, will he—and the roster of hot new dancers he’ll have to whip into shape—be able to pull it off?',2023,'2023-02-10','1h 52min',6,'https://it.wikipedia.org/wiki/Magic_Mike_-_The_Last_Dance'),
(16419074,'Air - La storia del grande salto','https://m.media-amazon.com/images/M/MV5BYmNlOTNlYjUtM2U3Yy00M2ZjLTkxZDQtN2NiNGZiZDI0ZjE3XkEyXkFqcGdeQXVyMTUzMTg2ODkz._V1_SX300.jpg','Sonny Vaccaro, organizzatore di tornei di pallacanestro di provincia e personaggio apparentemente senza arte né parte, viene assunto negli anni \'70 dalla Nike per convincere giocatori e allenatori a diventare rappresentanti del giovane marchio sportivo. Vaccaro sarà l\'unica persona in grado di convincere un giovanissimo Michael Jordan a firmare per la Nike, cambiando per sempre la storia dello sport, del marketing e dell\'abbigliamento sportivo.',2023,'2023-04-05','1h 52min',0,'https://it.wikipedia.org/wiki/Air_-_La_storia_del_grande_salto'),
(17663992,'Scream VI','https://m.media-amazon.com/images/M/MV5BYTQ5OTkxNGEtZjZkMS00ZjBlLWE2OWYtM2ZkOTU3MjRlNzAxXkEyXkFqcGdeQXVyMTQzNTA5MzYz._V1_SX300.jpg','The next instalment in the \'Scream\' franchise. Plot TBA.',2023,'2023-03-10','2h 3min',0,'https://it.wikipedia.org/wiki/Scream_VI'),
(18079362,'80 for Brady','https://m.media-amazon.com/images/M/MV5BNzY4MzQ1MTgtNGZiYS00Y2M5LWJmODUtYzIzNWFlOGZjMjk5XkEyXkFqcGdeQXVyMTA3MDk2NDg2._V1_SX300.jpg','Four best friends living life to the fullest take a wild trip to the 2017 Super Bowl LI to see their hero Tom Brady play.',2023,'2023-02-03','1h 38min',6,'https://it.wikipedia.org/wiki/80_for_Brady'),
(19623240,'Winnie the Pooh: Blood and Honey','https://m.media-amazon.com/images/M/MV5BZDUwNDY1M2QtYmI2Zi00NmFmLTkzNzMtOTg4ODgxYmY5N2I2XkEyXkFqcGdeQXVyOTQzOTE5NTY@._V1_SX300.jpg','Pooh e Piglet (in italiano Pimpi) hanno dovuto far fronte a una drastica riduzione del cibo da parte di Christopher, che stava crescendo. Negli anni sono diventati sempre più affamati e feroci. Si sono ridotti a mangiare Eeyore (l\'asinello Ih-Oh). Poi però Christopher Robin ritorna insieme alla moglie per presentarle i suoi vecchi amici, che nel vederli diventano furiosi. Tutto l’odio che hanno coltivato negli anni esce fuori con prepotenza e i due diventano preda di una follia violenta, che non li abbandona quando raggiungono una casa di campagna abitata da alcune ragazze.',2023,'2023-04-17','1h 24min',4,''),
(19770238,'Aftersun','https://m.media-amazon.com/images/M/MV5BMTM3OTU0ZGUtNzYwYy00ODU3LWI3YjgtOWZlODliMmRiMWEzXkEyXkFqcGdeQXVyMTAyMjQ3NzQ1._V1_SX300.jpg','Sophie reflects on the shared joy and private melancholy of a holiday she took with her father twenty years earlier. Memories real and imagined fill the gaps between miniDV footage as she tries to reconcile the father she knew with the man she didn’t.',2022,'2022-11-18','1h 42min',8,'https://it.wikipedia.org/wiki/Aftersun');

INSERT INTO `movies_actors` VALUES
(1,10954600,748620,1),
(2,10954600,1431940,1),
(3,10954600,140,1),
(4,10954600,201,0),
(5,10954600,3718007,0),
(6,10954600,1105980,0),
(7,10954600,195,0),
(8,10954600,6884042,0),
(9,10954600,2860379,0),
(10,10954600,3937518,0),
(11,10954600,2810287,0),
(12,10954600,1320827,0),
(13,10954600,5122748,0),
(14,10954600,1368643,0),
(15,10954600,10005581,0),
(16,10954600,2654510,0),
(17,10954600,8845062,0),
(18,10954600,3698863,0),
(19,439572,8567338,1),
(20,439572,474,1),
(21,439572,3009232,1),
(22,439572,255,0),
(23,439572,1662644,0),
(24,439572,788335,0),
(25,439572,4169922,0),
(26,439572,8090765,0),
(27,439572,893941,0),
(28,439572,515296,0),
(29,439572,607325,0),
(30,439572,5130799,0),
(31,439572,5695462,0),
(32,439572,12218505,0),
(33,439572,8289223,0),
(34,439572,2554070,0),
(35,439572,13580290,0),
(36,439572,2266438,0),
(37,12823454,702,1),
(38,12823454,5110,1),
(39,12823454,3856316,1),
(40,12823454,930898,0),
(41,12823454,9481314,0),
(42,12823454,449299,0),
(43,12823454,1872,0),
(44,12823454,3417385,0),
(45,12823454,2125078,0),
(46,12823454,7215504,0),
(47,12823454,32375,0),
(48,12823454,6126885,0),
(49,12823454,9248676,0),
(50,12823454,330195,0),
(51,12823454,4313823,0),
(52,12823454,341372,0),
(53,12823454,1260853,0),
(54,12823454,1502541,0),
(55,10640346,93,1),
(56,10640346,3053338,1),
(57,10640346,5443,1),
(58,10640346,1312575,0),
(59,10640346,3660262,0),
(60,10640346,3886586,0),
(61,10640346,650887,0),
(62,10640346,273836,0),
(63,10640346,694615,0),
(64,10640346,2100081,0),
(65,10640346,1146786,0),
(66,10640346,5381254,0),
(67,10640346,697659,0),
(68,10640346,6666010,0),
(69,10640346,3476317,0),
(70,10640346,1149035,0),
(71,10640346,281359,0),
(72,10640346,4788769,0),
(73,9114286,4004793,1),
(74,9114286,2143282,1),
(75,9114286,1775091,1),
(76,9114286,6328300,0),
(77,9114286,291,0),
(78,9114286,2204178,0),
(79,9114286,293509,0),
(80,9114286,506,0),
(81,9114286,9584861,0),
(82,9114286,441042,0),
(83,9114286,3948190,0),
(84,9114286,3129928,0),
(85,9114286,5870099,0),
(86,9114286,430107,0),
(87,9114286,207218,0),
(88,9114286,764527,0),
(89,9114286,7262074,0),
(90,9114286,1052657,0),
(91,10365998,2907,1),
(92,10365998,5301405,1),
(93,10365998,1671147,1),
(94,10365998,91841,0),
(95,10365998,3674244,0),
(96,10365998,504267,0),
(97,10365998,333480,0),
(98,10365998,1563251,0),
(99,10365998,2307976,0),
(100,10365998,470981,0),
(101,10365998,4876317,0),
(102,10365998,2366949,0),
(103,10365998,14508625,0),
(104,10365998,8855363,0),
(105,10365998,9045639,0),
(106,10365998,115760,0),
(107,10365998,725519,0),
(108,10365998,707816,0),
(109,5433140,4874,1),
(110,5433140,108287,1),
(111,5433140,879085,1),
(112,5433140,735442,0),
(113,5433140,437646,0),
(114,5433140,524839,0),
(115,5433140,597388,0),
(116,5433140,1078479,0),
(117,5433140,5458,0),
(118,5433140,1549,0),
(119,5433140,545,0),
(120,5433140,488953,0),
(121,5433140,234,0),
(122,5433140,2024927,0),
(123,5433140,12270022,0),
(124,5433140,740264,0),
(125,5433140,8054799,0),
(126,5433140,2812026,0),
(127,19623240,10489274,1),
(128,19623240,10791266,1),
(129,19623240,6502355,1),
(130,19623240,8380569,0),
(131,19623240,6636102,0),
(132,19623240,13522085,0),
(133,19623240,5028461,0),
(134,19623240,8816235,0),
(135,19623240,11988083,0),
(136,19623240,13109503,0),
(137,19623240,12283443,0),
(138,19623240,5607314,0),
(139,19623240,2699225,0),
(140,19623240,7317659,0),
(141,19623240,11210946,0),
(142,19623240,11603751,0),
(143,19623240,14478388,0),
(144,19623240,4797550,0),
(145,1630029,941777,1),
(146,1630029,757855,1),
(147,1630029,244,1),
(148,1630029,2332,0),
(149,1630029,701,0),
(150,1630029,193295,0),
(151,1630029,601376,0),
(152,1630029,1634,0),
(153,1630029,4908,0),
(154,1630029,184698,0),
(155,1630029,1318596,0),
(156,1630029,7370588,0),
(157,1630029,6839875,0),
(158,1630029,9304507,0),
(159,1630029,5607823,0),
(160,1630029,3791148,0),
(161,1630029,6914609,0),
(162,1630029,4737604,0),
(163,16280138,14546933,1),
(164,16280138,1475594,1),
(165,16280138,12365213,1),
(166,16280138,1599810,0),
(167,16280138,6087267,0),
(168,16280138,2527590,0),
(169,16280138,969841,0),
(170,16280138,161,0),
(171,16280138,3703126,0),
(172,16280138,3312826,0),
(173,16280138,451351,0),
(174,16280138,9402376,0),
(175,16280138,5380217,0),
(176,16280138,2418667,0),
(177,16280138,12275550,0),
(178,16280138,9910087,0),
(179,16280138,10433982,0),
(180,16280138,184893,0),
(181,15679400,1176985,1),
(182,15679400,2676147,1),
(183,15679400,3198781,1),
(184,15679400,25458,0),
(185,15679400,342488,0),
(186,15679400,5362984,0),
(187,15679400,13494519,0),
(188,15679400,4755965,0),
(189,15679400,1339690,0),
(190,15679400,14477786,0),
(191,15679400,3722874,0),
(192,15679400,3571325,0),
(193,15679400,6543115,0),
(194,15679400,8408866,0),
(195,15679400,1180714,0),
(196,15679400,7036337,0),
(197,15679400,5049771,0),
(198,15679400,642230,0),
(199,9764362,146,1),
(200,9764362,5896355,1),
(201,9764362,396558,1),
(202,9764362,2186865,0),
(203,9764362,5216,0),
(204,9764362,11882,0),
(205,9764362,491,0),
(206,9764362,2948025,0),
(207,9764362,83714,0),
(208,9764362,509937,0),
(209,9764362,465572,0),
(210,9764362,2342888,0),
(211,9764362,3594330,0),
(212,9764362,5744645,0),
(213,9764362,2003994,0),
(214,9764362,115402,0),
(215,9764362,5701972,0),
(216,9764362,10870283,0),
(217,11813216,268199,1),
(218,11813216,322407,1),
(219,11813216,174403,1),
(220,11813216,795169,0),
(221,11813216,527994,0),
(222,11813216,448587,0),
(223,11813216,4422686,0),
(224,11813216,282458,0),
(225,11813216,10104271,0),
(226,11813216,14328297,0),
(227,11813216,9186895,0),
(228,11813216,669164,0),
(229,11813216,639119,0),
(230,11813216,1394398,0),
(231,11813216,14328298,0),
(232,11813216,14328299,0),
(233,11813216,14352653,0),
(234,11813216,14100470,0),
(235,15333984,1555340,1),
(236,15333984,1337350,1),
(237,15333984,4169922,1),
(238,15333984,2209821,0),
(239,15333984,580646,0),
(240,15333984,5286,0),
(241,15333984,353546,0),
(242,15333984,4852033,0),
(243,15333984,11361026,0),
(244,15333984,2117728,0),
(245,15333984,740360,0),
(246,15333984,7470732,0),
(247,15333984,13070379,0),
(248,15333984,10648492,0),
(249,15333984,5330651,0),
(250,15333984,781238,0),
(251,15333984,3931538,0),
(252,15333984,3856316,0),
(253,6710474,706,1),
(254,6710474,3513533,1),
(255,6710474,130,1),
(256,6710474,702841,0),
(257,6710474,393222,0),
(258,6710474,3303059,0),
(259,6710474,2809577,0),
(260,6710474,1484270,0),
(261,6710474,927706,0),
(262,6710474,4576371,0),
(263,6710474,1594381,0),
(264,6710474,5260295,0),
(265,6710474,5147838,0),
(266,6710474,4250814,0),
(267,6710474,7918162,0),
(268,6710474,2359285,0),
(269,6710474,1190376,0),
(270,6710474,1640149,0),
(271,3915174,104,1),
(272,3915174,161,1),
(273,3915174,2957490,1),
(274,3915174,6073955,0),
(275,3915174,1469236,0),
(276,3915174,935653,0),
(277,3915174,4478685,0),
(278,3915174,1825214,0),
(279,3915174,609944,0),
(280,3915174,5007768,0),
(281,3915174,2373831,0),
(282,3915174,2162374,0),
(283,3915174,1960207,0),
(284,3915174,4161838,0),
(285,3915174,2016157,0),
(286,3915174,970447,0),
(287,3915174,970606,0),
(288,3915174,12080960,0),
(289,5884796,124930,1),
(290,5884796,1591496,1),
(291,5884796,1282,1),
(292,5884796,5256788,0),
(293,5884796,5895689,0),
(294,5884796,70115,0),
(295,5884796,4427331,0),
(296,5884796,10722411,0),
(297,5884796,6145629,0),
(298,5884796,4749446,0),
(299,5884796,7199080,0),
(300,5884796,14533986,0),
(301,5884796,479876,0),
(302,5884796,806217,0),
(303,5884796,12251151,0),
(304,5884796,10308537,0),
(305,5884796,6471194,0),
(306,5884796,9885976,0),
(307,14826022,1706767,1),
(308,14826022,1988575,1),
(309,14826022,552,1),
(310,14826022,506,0),
(311,14826022,7615637,0),
(312,14826022,505,0),
(313,14826022,4927508,0),
(314,14826022,141,0),
(315,14826022,1094137,0),
(316,14826022,1235154,0),
(317,14826022,767242,0),
(318,14826022,1285,0),
(319,14826022,674231,0),
(320,14826022,258402,0),
(321,14826022,1043164,0),
(322,14826022,10128953,0),
(323,14826022,1708824,0),
(324,14826022,1034965,0),
(325,6160448,3485845,1),
(326,6160448,1950086,1),
(327,6160448,332,1),
(328,6160448,14313990,0),
(329,6160448,12642511,0),
(330,6160448,13737968,0),
(331,6160448,14313991,0),
(332,6160448,14313992,0),
(333,6160448,14414895,0),
(334,6160448,14313993,0),
(335,6160448,14313994,0),
(336,6160448,14313995,0),
(337,6160448,11063317,0),
(338,6160448,3864163,0),
(339,6160448,6299724,0),
(340,6160448,14313996,0),
(341,6160448,14313997,0),
(342,6160448,14313998,0),
(343,16419074,205626,1),
(344,16419074,255,1),
(345,16419074,354,1),
(346,16419074,867,0),
(347,16419074,803890,0),
(348,16419074,582149,0),
(349,16419074,676,0),
(350,16419074,5541,0),
(351,16419074,4880301,0),
(352,16419074,536866,0),
(353,16419074,855132,0),
(354,16419074,837784,0),
(355,16419074,13467500,0),
(356,16419074,340408,0),
(357,16419074,117857,0),
(358,16419074,1166844,0),
(359,16419074,4227700,0),
(360,16419074,13687088,0),
(361,6791350,695435,1),
(362,6791350,757855,1),
(363,6791350,1176985,1),
(364,6791350,4874,0),
(365,6791350,177896,0),
(366,6791350,2394794,0),
(367,6791350,2962353,0),
(368,6791350,4456120,0),
(369,6791350,348231,0),
(370,6791350,230,0),
(371,6791350,2401020,0),
(372,6791350,1030244,0),
(373,6791350,6403016,0),
(374,6791350,742146,0),
(375,6791350,7210025,0),
(376,6791350,4456672,0),
(377,6791350,4016192,0),
(378,6791350,12801570,0),
(379,14209916,5392,1),
(380,14209916,2403277,1),
(381,14209916,6578009,1),
(382,14209916,501,0),
(383,14209916,926086,0),
(384,14209916,7737419,0),
(385,14209916,8087548,0),
(386,14209916,553269,0),
(387,14209916,272479,0),
(388,14209916,1970465,0),
(389,14209916,4142492,0),
(390,14209916,8707040,0),
(391,14209916,6396597,0),
(392,14209916,12528125,0),
(393,14209916,6954568,0),
(394,14209916,5366148,0),
(395,14209916,10006028,0),
(396,14209916,722629,0),
(397,120338,138,1),
(398,120338,701,1),
(399,120338,708,1),
(400,120338,870,0),
(401,120338,4920,0),
(402,120338,1784,0),
(403,120338,200,0),
(404,120338,384060,0),
(405,120338,1831,0),
(406,120338,1255,0),
(407,120338,404993,0),
(408,120338,751,0),
(409,120338,8656,0),
(410,120338,143167,0),
(411,120338,755972,0),
(412,120338,1572,0),
(413,120338,58029,0),
(414,120338,829380,0),
(415,13833688,409,1),
(416,13833688,5584750,1),
(417,13833688,1339223,1),
(418,13833688,2186865,0),
(419,13833688,608090,0),
(420,13833688,6886664,0),
(421,13833688,10814851,0),
(422,13833688,13435640,0),
(423,5971474,1782991,1),
(424,5971474,5999355,1),
(425,5971474,565250,1),
(426,5971474,849,0),
(427,5971474,15617,0),
(428,5971474,1282920,0),
(429,5971474,8692397,0),
(430,5971474,8460271,0),
(431,5971474,4377526,0),
(432,5971474,5016878,0),
(433,5971474,5377144,0),
(434,5971474,592135,0),
(435,5971474,7592760,0),
(436,5971474,7987534,0),
(437,5971474,539562,0),
(438,5971474,2742856,0),
(439,5971474,10483098,0),
(440,5971474,1270268,0),
(441,14208870,931329,1),
(442,14208870,5450413,1),
(443,14208870,200452,1),
(444,14208870,2139,0),
(445,14208870,736622,0),
(446,14208870,12873476,0),
(447,14208870,10652212,0),
(448,14208870,12679952,0),
(449,14208870,6253548,0),
(450,14208870,12257385,0),
(451,14208870,12872402,0),
(452,14208870,75588,0),
(453,14208870,862,0),
(454,14208870,11809977,0),
(455,14208870,4625502,0),
(456,14208870,5557379,0),
(457,14208870,10913047,0),
(458,14208870,8418381,0),
(459,12573454,6819854,1),
(460,12573454,7084314,1),
(461,12573454,1659221,1),
(462,12573454,3231692,0),
(463,12573454,5023953,0),
(464,12573454,9377272,0),
(465,12573454,5802160,0),
(466,12573454,2354102,0),
(467,12573454,4192447,0),
(468,12573454,1133612,0),
(469,12573454,180961,0),
(470,12573454,1671349,0),
(471,12573454,9947846,0),
(472,12573454,12182744,0),
(473,12573454,7065571,0),
(474,12573454,194,0),
(475,12573454,1475,0),
(476,12573454,565117,0),
(477,14444726,949,1),
(478,14444726,4374524,1),
(479,14444726,396125,1),
(480,14444726,13154325,0),
(481,14444726,1118222,0),
(482,14444726,14036519,0),
(483,14444726,4569790,0),
(484,14444726,14036520,0),
(485,14444726,14472635,0),
(486,14444726,13154324,0),
(487,14444726,5517526,0),
(488,14444726,835016,0),
(489,14444726,14036522,0),
(490,14444726,11942919,0),
(491,14444726,13989690,0),
(492,14444726,285,0),
(493,14444726,2430582,0),
(494,14444726,14036523,0),
(495,8760708,4129745,1),
(496,8760708,8627157,1),
(497,8760708,5307044,1),
(498,8760708,13143634,0),
(499,8760708,6761813,0),
(500,8760708,2755723,0),
(501,8760708,1951089,0),
(502,8760708,2999479,0),
(503,8760708,242256,0),
(504,8760708,3123846,0),
(505,8760708,9494786,0),
(506,8760708,754992,0),
(507,8760708,6125645,0),
(508,8760708,2638278,0),
(509,8760708,4685768,0),
(510,8760708,1434450,0),
(511,8760708,2642787,0),
(512,8760708,10044936,0),
(513,12593682,93,1),
(514,12593682,1428821,1),
(515,12593682,1093951,1),
(516,12593682,3109964,0),
(517,12593682,4010671,0),
(518,12593682,760796,0),
(519,12593682,788335,0),
(520,12593682,113,0),
(521,12593682,9559545,0),
(522,12593682,503567,0),
(523,12593682,5939164,0),
(524,12593682,1199811,0),
(525,12593682,7232332,0),
(526,12593682,13901236,0),
(527,12593682,1964540,0),
(528,12593682,2807610,0),
(529,12593682,13901237,0),
(530,12593682,1896175,0),
(531,10366206,206,1),
(532,10366206,947447,1),
(533,10366206,803889,1),
(534,10366206,401,0),
(535,10366206,760796,0),
(536,10366206,3875456,0),
(537,10366206,714698,0),
(538,10366206,4680793,0),
(539,10366206,12078,0),
(540,10366206,574534,0),
(541,10366206,1047252,0),
(542,10366206,1164730,0),
(543,10366206,7874945,0),
(544,10366206,317,0),
(545,10366206,1745190,0),
(546,10366206,12276988,0),
(547,10366206,3100183,0),
(548,10366206,13387216,0),
(549,7322224,6170168,1),
(550,7322224,4528025,1),
(551,7322224,2976018,1),
(552,7322224,121519,0),
(553,7322224,1941,0),
(554,7322224,1365203,0),
(555,7322224,2172895,0),
(556,7322224,1739904,0),
(557,7322224,907510,0),
(558,7322224,203882,0),
(559,7322224,577935,0),
(560,7322224,437,0),
(561,7322224,7312850,0),
(562,7322224,13739729,0),
(563,7322224,13611840,0),
(564,7322224,12666838,0),
(565,7322224,1617659,0),
(566,7322224,771327,0),
(567,1745960,129,1),
(568,1745960,124,1),
(569,1745960,1886602,1),
(570,1745960,174,0),
(571,1745960,1506981,0),
(572,1745960,358316,0),
(573,1745960,663174,0),
(574,1745960,4834815,0),
(575,1745960,5730649,0),
(576,1745960,1337350,0),
(577,1745960,6639989,0),
(578,1745960,1412974,0),
(579,1745960,7453477,0),
(580,1745960,3254274,0),
(581,1745960,2745297,0),
(582,1745960,8241861,0),
(583,1745960,4917623,0),
(584,1745960,3100463,0),
(585,11145118,430107,1),
(586,11145118,1935086,1),
(587,11145118,3718007,1),
(588,11145118,365445,0),
(589,11145118,711118,0),
(590,11145118,13555182,0),
(591,11145118,8419596,0),
(592,11145118,508139,0),
(593,11145118,8108730,0),
(594,11145118,6404606,0),
(595,11145118,6622667,0),
(596,11145118,6905689,0),
(597,11145118,4683764,0),
(598,11145118,14573968,0),
(599,11145118,243695,0),
(600,11145118,9933644,0),
(601,11145118,6484459,0),
(602,11145118,2924437,0),
(603,11564570,185819,1),
(604,11564570,1570,1),
(605,11564570,5028,1),
(606,11564570,1176985,0),
(607,11564570,1847117,0),
(608,11564570,1063517,0),
(609,11564570,1502434,0),
(610,11564570,3725055,0),
(611,11564570,3218692,0),
(612,11564570,781913,0),
(613,11564570,388931,0),
(614,11564570,1316767,0),
(615,11564570,160,0),
(616,11564570,424,0),
(617,11564570,814227,0),
(618,11564570,5169,0),
(619,11564570,717,0),
(620,11564570,1102987,0),
(621,1462764,148,1),
(622,1462764,3564817,1),
(623,1462764,2933542,1),
(624,1462764,586568,0),
(625,1462764,104,0),
(626,1462764,722636,0),
(627,1462764,429363,0),
(628,1462764,3689528,0),
(629,1462764,470981,0),
(630,1462764,2722784,0),
(631,1462764,8189246,0),
(632,1462764,2349733,0),
(633,1462764,2075330,0),
(634,1462764,13580290,0),
(635,1462764,6877076,0),
(636,1462764,13346660,0),
(637,1462764,578596,0),
(638,1462764,568211,0),
(639,9686790,182,1),
(640,9686790,241049,1),
(641,9686790,5107,1),
(642,9686790,177639,0),
(643,9686790,968,0),
(644,9686790,1507,0),
(645,9686790,183548,0),
(646,9686790,3639013,0),
(647,9686790,5555747,0),
(648,9686790,3210828,0),
(649,9686790,848894,0),
(650,9686790,410524,0),
(651,9686790,402962,0),
(652,9686790,3967058,0),
(653,9686790,3520506,0),
(654,9686790,8159774,0),
(655,9686790,5544981,0),
(656,9686790,13389867,0),
(657,7405458,158,1),
(658,7405458,3901455,1),
(659,7405458,5043859,1),
(660,7405458,3769182,0),
(661,7405458,2733631,0),
(662,7405458,6496161,0),
(663,7405458,11016192,0),
(664,7405458,5866359,0),
(665,7405458,421188,0),
(666,7405458,4488355,0),
(667,7405458,5224485,0),
(668,7405458,6637505,0),
(669,7405458,4904976,0),
(670,7405458,7657856,0),
(671,7405458,6599845,0),
(672,7405458,2414250,0),
(673,7405458,6216908,0),
(674,7405458,1723862,0),
(675,19770238,8958770,1),
(676,19770238,13592008,1),
(677,19770238,3278700,1),
(678,19770238,7489737,0),
(679,19770238,14228024,0),
(680,19770238,14228025,0),
(681,19770238,13684475,0),
(682,19770238,10514458,0),
(683,19770238,13685384,0),
(684,19770238,14228026,0),
(685,19770238,13713293,0),
(686,19770238,13691501,0),
(687,19770238,14228027,0),
(688,19770238,14228028,0),
(689,19770238,6139334,0),
(690,19770238,14228029,0),
(691,19770238,14228030,0),
(692,19770238,12302924,0),
(693,13560574,5301405,1),
(694,13560574,4911194,1),
(695,13560574,811242,1),
(696,13560574,3264596,0),
(697,13560574,376540,0),
(698,13560574,3338805,0),
(699,13560574,881831,0),
(700,13560574,1197230,0),
(701,13560574,695306,0),
(702,13560574,230781,0),
(703,13560574,2286906,0),
(704,13560574,4277617,0),
(705,12261776,3485845,1),
(706,12261776,7567556,1),
(707,12261776,5668548,1),
(708,12261776,1519739,0),
(709,12261776,2924024,0),
(710,14458442,3948952,1),
(711,14458442,14324793,1),
(712,14458442,14324794,1),
(713,14458442,413168,0),
(714,14458442,368,0),
(715,14458442,6656614,0),
(716,14458442,5628728,0),
(717,14458442,394054,0),
(718,14458442,1893071,0),
(719,14458442,2009056,0),
(720,14458442,3769549,0),
(721,14458442,3689362,0),
(722,14458442,616604,0),
(723,14458442,5564735,0),
(724,14458442,10783432,0),
(725,14458442,7711807,0),
(726,14458442,693431,0),
(727,14458442,8509566,0),
(728,1915581,1475594,1),
(729,1915581,1641117,1),
(730,1915581,1601397,1),
(731,1915581,190,0),
(732,1915581,446457,0),
(733,1915581,3158974,0),
(734,1915581,1730221,0),
(735,1915581,4549964,0),
(736,1915581,1825981,0),
(737,1915581,2358643,0),
(738,1915581,2185141,0),
(739,1915581,342190,0),
(740,1915581,3234693,0),
(741,1915581,5109714,0),
(742,1915581,542133,0),
(743,1915581,93589,0),
(744,1915581,735226,0),
(745,1915581,621760,0),
(746,17663992,4574440,1),
(747,17663992,1073,1),
(748,17663992,4911194,1),
(749,17663992,5506401,0),
(750,17663992,2864252,0),
(751,17663992,659363,0),
(752,17663992,6067524,0),
(753,17663992,2019219,0),
(754,17663992,5607823,0),
(755,17663992,1882929,0),
(756,17663992,1727825,0),
(757,17663992,3034977,0),
(758,17663992,551,0),
(759,17663992,1089,0),
(760,17663992,3811636,0),
(761,17663992,4803105,0),
(762,17663992,3600973,0),
(763,17663992,8264230,0),
(764,14138650,288,1),
(765,14138650,577982,1),
(766,14138650,564402,1),
(767,14138650,1758,0),
(768,14138650,429363,0),
(769,14138650,5363341,0),
(770,14138650,9538520,0),
(771,14138650,7793723,0),
(772,14138650,1250,0),
(773,14138650,2377903,0),
(774,14138650,380,0),
(775,14138650,96,0),
(776,14138650,5828189,0),
(777,14138650,5320755,0),
(778,14138650,144232,0),
(779,14138650,27424,0),
(780,14138650,1921376,0),
(781,14138650,410284,0),
(782,11315808,5939164,1),
(783,11315808,1618,1),
(784,11315808,3078932,1),
(785,11315808,322407,0),
(786,11315808,1416,0),
(787,11315808,5363341,0),
(788,11315808,5015107,0),
(789,11315808,1146786,0),
(790,11315808,2005766,0),
(791,11315808,2282835,0),
(792,11315808,1123364,0),
(793,11315808,867022,0),
(794,18079362,5499,1),
(795,18079362,404,1),
(796,18079362,1549,1),
(797,18079362,398,0),
(798,18079362,1530018,0),
(799,18079362,692039,0),
(800,18079362,2122,0),
(801,18079362,2225974,0),
(802,18079362,5803981,0),
(803,18079362,1117791,0),
(804,18079362,877270,0),
(805,18079362,3236733,0),
(806,18079362,837,0),
(807,18079362,4497202,0),
(808,18079362,2809645,0),
(809,18079362,4960,0),
(810,18079362,476,0),
(811,18079362,725200,0),
(812,68646,8,1),
(813,68646,199,1),
(814,68646,1001,1),
(815,68646,473,0),
(816,68646,144710,0),
(817,68646,380,0),
(818,68646,1330,0),
(819,68646,549134,0),
(820,68646,2017,0),
(821,68646,504803,0),
(822,68646,1820,0),
(823,68646,1735,0),
(824,68646,751625,0),
(825,68646,1030,0),
(826,68646,94036,0),
(827,68646,553887,0),
(828,68646,455088,0),
(829,68646,598926,0);

INSERT INTO `movies_genres` VALUES
(1,10954600,1),
(2,10954600,2),
(3,10954600,4),
(4,439572,1),
(5,439572,2),
(6,439572,8),
(7,12823454,4),
(8,12823454,13),
(9,10640346,4),
(10,10640346,6),
(11,10640346,9),
(12,9114286,1),
(13,9114286,2),
(14,9114286,6),
(15,10365998,5),
(16,10365998,10),
(17,10365998,12),
(18,5433140,1),
(19,5433140,5),
(20,5433140,12),
(21,19623240,10),
(22,1630029,1),
(23,1630029,2),
(24,1630029,8),
(25,16280138,4),
(26,16280138,6),
(27,15679400,10),
(28,15679400,12),
(29,15679400,16),
(30,9764362,10),
(31,9764362,16),
(32,11813216,4),
(33,11813216,6),
(34,15333984,4),
(35,15333984,13),
(36,6710474,1),
(37,6710474,2),
(38,6710474,4),
(39,3915174,3),
(40,3915174,2),
(41,3915174,4),
(42,5884796,1),
(43,5884796,2),
(44,5884796,16),
(45,14826022,4),
(46,14826022,13),
(47,6160448,4),
(48,6160448,6),
(49,6160448,10),
(50,16419074,6),
(51,6791350,1),
(52,6791350,2),
(53,6791350,4),
(54,14209916,4),
(55,14209916,16),
(56,120338,6),
(57,120338,13),
(58,13833688,6),
(59,5971474,2),
(60,5971474,7),
(61,5971474,8),
(62,14208870,6),
(63,12573454,5),
(64,12573454,6),
(65,12573454,16),
(66,14444726,6),
(67,14444726,11),
(68,8760708,10),
(69,8760708,14),
(70,8760708,16),
(71,12593682,1),
(72,12593682,4),
(73,12593682,16),
(74,10366206,1),
(75,10366206,5),
(76,10366206,16),
(77,7322224,4),
(78,7322224,6),
(79,1745960,1),
(80,1745960,6),
(81,11145118,6),
(82,11145118,15),
(83,11564570,4),
(84,11564570,5),
(85,11564570,6),
(86,1462764,1),
(87,1462764,2),
(88,9686790,1),
(89,9686790,4),
(90,9686790,13),
(91,7405458,4),
(92,7405458,6),
(93,19770238,6),
(94,13560574,10),
(95,13560574,12),
(96,13560574,16),
(97,12261776,1),
(98,12261776,2),
(99,12261776,6),
(100,14458442,6),
(101,1915581,4),
(102,1915581,6),
(103,17663992,10),
(104,17663992,12),
(105,17663992,16),
(106,14138650,5),
(107,14138650,10),
(108,14138650,12),
(109,11315808,1),
(110,11315808,5),
(111,11315808,6),
(112,18079362,4),
(113,18079362,6),
(114,18079362,15),
(115,68646,5),
(116,68646,6);

INSERT INTO `movies_keywords` VALUES
(1,10954600,'marvel cinematic universe'),
(2,10954600,'superhero'),
(3,10954600,'marvel'),
(4,10954600,'shrinking'),
(5,10954600,'ant'),
(6,439572,'the flash character'),
(7,439572,'barry allen character'),
(8,439572,'dc extended universe'),
(9,439572,'cyborg character'),
(10,439572,'superhuman speed'),
(11,12823454,'friend'),
(12,12823454,'best friend'),
(13,12823454,'volunteer'),
(14,12823454,'teenager'),
(15,12823454,'son'),
(16,10640346,'hollywood california'),
(17,10640346,'1920s'),
(18,10640346,'film history'),
(19,10640346,'female female kiss'),
(20,10640346,'hedonism'),
(21,9114286,'sequel'),
(22,9114286,'second part'),
(23,9114286,'superhero'),
(24,9114286,'marvel comics'),
(25,9114286,'marvel cinematic universe'),
(26,10365998,'female full frontal nudity'),
(27,10365998,'female nudity'),
(28,10365998,'male full frontal nudity'),
(29,10365998,'female frontal nudity'),
(30,10365998,'hedonism'),
(31,5433140,'fast and furious franchise'),
(32,5433140,'dominic toretto character'),
(33,5433140,'shared universe'),
(34,5433140,'carsploitation'),
(35,5433140,'tenth part'),
(36,19623240,'pig'),
(37,19623240,'knife'),
(38,19623240,'slasher'),
(39,19623240,'slasher horror'),
(40,19623240,'british horror'),
(41,1630029,'underwater'),
(42,1630029,'ocean'),
(43,1630029,'jungle'),
(44,1630029,'water'),
(45,1630029,'second part'),
(46,16280138,'sequel'),
(47,16280138,'third part'),
(48,16280138,'part of trilogy'),
(49,16280138,'offer'),
(50,16280138,'showbiz drama'),
(51,15679400,'knock at the door'),
(52,15679400,'vacation gone wrong'),
(53,15679400,'gay couple raising a child'),
(54,15679400,'tsunami'),
(55,15679400,'cabin'),
(56,9764362,'perfectionist'),
(57,9764362,'blind obedience'),
(58,9764362,'obsession'),
(59,9764362,'food critic'),
(60,9764362,'consumer culture'),
(61,11813216,'brother sister relationship'),
(62,11813216,'loneliness'),
(63,11813216,'cutting off a finger'),
(64,11813216,'fiddler'),
(65,11813216,'year 1923'),
(66,15333984,'feel good romance'),
(67,15333984,'female frontal nudity'),
(68,15333984,'female nudity'),
(69,15333984,'female rear nudity'),
(70,15333984,'female full frontal nudity'),
(71,6710474,'multiverse'),
(72,6710474,'mother daughter relationship'),
(73,6710474,'chinese'),
(74,6710474,'nihilism'),
(75,6710474,'saving the world'),
(76,3915174,'puss in boots character'),
(77,3915174,'sequel'),
(78,3915174,'cat'),
(79,3915174,'shrek franchise'),
(80,3915174,'wolf'),
(81,5884796,'hostage situation'),
(82,5884796,'sniper rifle'),
(83,5884796,'throat slit'),
(84,5884796,'killed with a hammer'),
(85,5884796,'ak 47'),
(86,14826022,'racial tension'),
(87,14826022,'black american'),
(88,14826022,'couple'),
(89,14826022,'love'),
(90,14826022,'life'),
(91,6160448,'professor'),
(92,6160448,'evacuation'),
(93,6160448,'toxic cloud'),
(94,6160448,'fourth marriage'),
(95,6160448,'mother daughter relationship'),
(96,16419074,'docudrama drama'),
(97,16419074,'based on real people'),
(98,16419074,'reference to nike'),
(99,16419074,'nike'),
(100,16419074,'1980s'),
(101,6791350,'superheroine'),
(102,6791350,'superhero'),
(103,6791350,'based on comic'),
(104,6791350,'third part'),
(105,6791350,'marvel comics'),
(106,14209916,'black bear'),
(107,14209916,'inspired by a true story'),
(108,14209916,'cocaine'),
(109,14209916,'murderous rampage'),
(110,14209916,'animal attack'),
(111,120338,'iceberg'),
(112,120338,'drowning'),
(113,120338,'titanic'),
(114,120338,'sea captain'),
(115,120338,'nude modeling'),
(116,13833688,'congestive heart failure'),
(117,13833688,'pizza'),
(118,13833688,'screenplay adapted by author'),
(119,13833688,'overweight man'),
(120,13833688,'gay character'),
(121,5971474,'disney live action remake of animated film'),
(122,5971474,'the little mermaid character'),
(123,5971474,'ariel character'),
(124,5971474,'ursula character'),
(125,5971474,'prince eric character'),
(126,14208870,'coming of age'),
(127,14208870,'mother son relationship'),
(128,14208870,'anti semitism'),
(129,14208870,'father son relationship'),
(130,14208870,'teenage boy protagonist'),
(131,12573454,'psychological drama'),
(132,12573454,'con artist'),
(133,12573454,'con game'),
(134,12573454,'grifter'),
(135,12573454,'used book store'),
(136,14444726,'lesbian character'),
(137,14444726,'classical music'),
(138,14444726,'lgbt'),
(139,14444726,'orchestra'),
(140,14444726,'character name as title'),
(141,8760708,'artificial intelligence'),
(142,8760708,'robot sci fi'),
(143,8760708,'orphaned girl'),
(144,8760708,'robot'),
(145,8760708,'prototype'),
(146,12593682,'train'),
(147,12593682,'assassin'),
(148,12593682,'russian'),
(149,12593682,'briefcase'),
(150,12593682,'fight on a train'),
(151,10366206,'the high table'),
(152,10366206,'fourth part'),
(153,10366206,'assassin'),
(154,10366206,'sequel'),
(155,10366206,'john wick character'),
(156,7322224,'dark comedy'),
(157,7322224,'yacht'),
(158,7322224,'vomiting'),
(159,7322224,'survival'),
(160,7322224,'male model'),
(161,1745960,'fighter jet'),
(162,1745960,'aircraft carrier'),
(163,1745960,'dogfight'),
(164,1745960,'sequel'),
(165,1745960,'naval aviation'),
(166,11145118,'franchise'),
(167,11145118,'sequel'),
(168,11145118,'third part'),
(169,11145118,'creed the movie series'),
(170,11145118,'ninth part'),
(171,11564570,'sequel'),
(172,11564570,'detective'),
(173,11564570,'benoit blanc character'),
(174,11564570,'twin sister'),
(175,11564570,'private island'),
(176,1462764,'indiana jones character'),
(177,1462764,'sequel'),
(178,1462764,'fifth part'),
(179,1462764,'character name in title'),
(180,1462764,'adventurer'),
(181,9686790,'love'),
(182,9686790,'wedding'),
(183,9686790,'fight'),
(184,9686790,'hostage'),
(185,9686790,'couple'),
(186,7405458,'remake'),
(187,7405458,'friendship'),
(188,7405458,'dramedy'),
(189,7405458,'neighbor'),
(190,7405458,'life'),
(191,19770238,'father daughter relationship'),
(192,19770238,'vacation'),
(193,19770238,'repeated scene'),
(194,19770238,'coming of age'),
(195,19770238,'memory'),
(196,13560574,'aspiring porn star'),
(197,13560574,'senile woman'),
(198,13560574,'timeframe 1970s'),
(199,13560574,'sex without love'),
(200,13560574,'husband wife relationship'),
(201,12261776,'space adventure'),
(202,12261776,'space sci fi'),
(203,12261776,'astronaut'),
(204,12261776,'planet'),
(205,12261776,'secret'),
(206,14458442,'baby'),
(207,14458442,'suicide'),
(208,14458442,'depression'),
(209,14458442,'partner'),
(210,14458442,'love'),
(212,1915581,'male nudity'),
(213,1915581,'man wears a thong'),
(214,1915581,'man wrapped in a towel'),
(215,1915581,'man wears underwear'),
(216,17663992,'slasher'),
(217,17663992,'slasher film'),
(218,17663992,'slasher killer'),
(219,17663992,'characters killed one by one'),
(220,17663992,'mystery killer'),
(221,14138650,'murder'),
(222,14138650,'detective'),
(223,14138650,'based on novel'),
(224,14138650,'year 1830'),
(225,14138650,'suspense mystery'),
(226,11315808,'joker character'),
(227,11315808,'harley quinn character'),
(228,11315808,'sequel'),
(229,11315808,'suspense'),
(230,11315808,'violence'),
(231,18079362,'nfl'),
(232,18079362,'super bowl'),
(233,18079362,'friend'),
(234,18079362,'american football'),
(235,18079362,'football'),
(236,68646,'mafia'),
(237,68646,'patriarch'),
(238,68646,'crime family'),
(239,68646,'organized crime'),
(240,68646,'gambling syndicate');
